[{"model": "admin.logentry", "pk": 6, "fields": {"action_time": "2021-05-28T17:25:21.059Z", "user": 5, "content_type": 6, "object_id": "3", "object_repr": "MVM", "action_flag": 1, "change_message": "[{\"added\": {}}]"}}, {"model": "admin.logentry", "pk": 7, "fields": {"action_time": "2021-05-28T17:25:30.073Z", "user": 5, "content_type": 6, "object_id": "4", "object_repr": "Chettinad", "action_flag": 1, "change_message": "[{\"added\": {}}]"}}, {"model": "admin.logentry", "pk": 8, "fields": {"action_time": "2021-05-28T17:25:43.396Z", "user": 5, "content_type": 6, "object_id": "5", "object_repr": "BVM", "action_flag": 1, "change_message": "[{\"added\": {}}]"}}, {"model": "admin.logentry", "pk": 9, "fields": {"action_time": "2021-05-28T17:26:13.300Z", "user": 5, "content_type": 6, "object_id": "6", "object_repr": "SSM", "action_flag": 1, "change_message": "[{\"added\": {}}]"}}, {"model": "admin.logentry", "pk": 10, "fields": {"action_time": "2021-05-30T15:43:27.909Z", "user": 5, "content_type": 8, "object_id": "3", "object_repr": "test2", "action_flag": 3, "change_message": ""}}, {"model": "admin.logentry", "pk": 11, "fields": {"action_time": "2021-05-30T16:50:32.884Z", "user": 5, "content_type": 8, "object_id": "7", "object_repr": "test6", "action_flag": 3, "change_message": ""}}, {"model": "admin.logentry", "pk": 12, "fields": {"action_time": "2021-05-30T16:50:33.152Z", "user": 5, "content_type": 8, "object_id": "6", "object_repr": "test5", "action_flag": 3, "change_message": ""}}, {"model": "admin.logentry", "pk": 13, "fields": {"action_time": "2021-05-30T16:50:33.355Z", "user": 5, "content_type": 8, "object_id": "5", "object_repr": "test4", "action_flag": 3, "change_message": ""}}, {"model": "admin.logentry", "pk": 14, "fields": {"action_time": "2021-05-30T16:50:33.789Z", "user": 5, "content_type": 8, "object_id": "4", "object_repr": "test3", "action_flag": 3, "change_message": ""}}, {"model": "admin.logentry", "pk": 15, "fields": {"action_time": "2021-05-30T16:50:33.971Z", "user": 5, "content_type": 8, "object_id": "1", "object_repr": "testQuiz", "action_flag": 3, "change_message": ""}}, {"model": "admin.logentry", "pk": 16, "fields": {"action_time": "2021-05-30T17:20:33.480Z", "user": 5, "content_type": 8, "object_id": "9", "object_repr": "general2", "action_flag": 3, "change_message": ""}}, {"model": "admin.logentry", "pk": 17, "fields": {"action_time": "2021-05-30T17:20:33.553Z", "user": 5, "content_type": 8, "object_id": "8", "object_repr": "general1", "action_flag": 3, "change_message": ""}}, {"model": "admin.logentry", "pk": 18, "fields": {"action_time": "2021-05-30T17:25:57.668Z", "user": 5, "content_type": 8, "object_id": "12", "object_repr": "general3", "action_flag": 3, "change_message": ""}}, {"model": "admin.logentry", "pk": 19, "fields": {"action_time": "2021-05-30T17:25:57.885Z", "user": 5, "content_type": 8, "object_id": "11", "object_repr": "general2", "action_flag": 3, "change_message": ""}}, {"model": "admin.logentry", "pk": 20, "fields": {"action_time": "2021-05-30T17:25:58.084Z", "user": 5, "content_type": 8, "object_id": "10", "object_repr": "general1", "action_flag": 3, "change_message": ""}}, {"model": "admin.logentry", "pk": 21, "fields": {"action_time": "2021-05-30T19:54:48.466Z", "user": 5, "content_type": 8, "object_id": "15", "object_repr": "general3", "action_flag": 3, "change_message": ""}}, {"model": "admin.logentry", "pk": 22, "fields": {"action_time": "2021-05-30T19:54:48.842Z", "user": 5, "content_type": 8, "object_id": "14", "object_repr": "general2", "action_flag": 3, "change_message": ""}}, {"model": "admin.logentry", "pk": 23, "fields": {"action_time": "2021-05-30T19:54:48.988Z", "user": 5, "content_type": 8, "object_id": "13", "object_repr": "general1", "action_flag": 3, "change_message": ""}}, {"model": "admin.logentry", "pk": 24, "fields": {"action_time": "2021-05-30T21:40:24.229Z", "user": 5, "content_type": 11, "object_id": "1", "object_repr": "White Hart", "action_flag": 1, "change_message": "[{\"added\": {}}]"}}, {"model": "auth.permission", "pk": 1, "fields": {"name": "Can add log entry", "content_type": 1, "codename": "add_logentry"}}, {"model": "auth.permission", "pk": 2, "fields": {"name": "Can change log entry", "content_type": 1, "codename": "change_logentry"}}, {"model": "auth.permission", "pk": 3, "fields": {"name": "Can delete log entry", "content_type": 1, "codename": "delete_logentry"}}, {"model": "auth.permission", "pk": 4, "fields": {"name": "Can view log entry", "content_type": 1, "codename": "view_logentry"}}, {"model": "auth.permission", "pk": 5, "fields": {"name": "Can add permission", "content_type": 2, "codename": "add_permission"}}, {"model": "auth.permission", "pk": 6, "fields": {"name": "Can change permission", "content_type": 2, "codename": "change_permission"}}, {"model": "auth.permission", "pk": 7, "fields": {"name": "Can delete permission", "content_type": 2, "codename": "delete_permission"}}, {"model": "auth.permission", "pk": 8, "fields": {"name": "Can view permission", "content_type": 2, "codename": "view_permission"}}, {"model": "auth.permission", "pk": 9, "fields": {"name": "Can add group", "content_type": 3, "codename": "add_group"}}, {"model": "auth.permission", "pk": 10, "fields": {"name": "Can change group", "content_type": 3, "codename": "change_group"}}, {"model": "auth.permission", "pk": 11, "fields": {"name": "Can delete group", "content_type": 3, "codename": "delete_group"}}, {"model": "auth.permission", "pk": 12, "fields": {"name": "Can view group", "content_type": 3, "codename": "view_group"}}, {"model": "auth.permission", "pk": 13, "fields": {"name": "Can add content type", "content_type": 4, "codename": "add_contenttype"}}, {"model": "auth.permission", "pk": 14, "fields": {"name": "Can change content type", "content_type": 4, "codename": "change_contenttype"}}, {"model": "auth.permission", "pk": 15, "fields": {"name": "Can delete content type", "content_type": 4, "codename": "delete_contenttype"}}, {"model": "auth.permission", "pk": 16, "fields": {"name": "Can view content type", "content_type": 4, "codename": "view_contenttype"}}, {"model": "auth.permission", "pk": 17, "fields": {"name": "Can add session", "content_type": 5, "codename": "add_session"}}, {"model": "auth.permission", "pk": 18, "fields": {"name": "Can change session", "content_type": 5, "codename": "change_session"}}, {"model": "auth.permission", "pk": 19, "fields": {"name": "Can delete session", "content_type": 5, "codename": "delete_session"}}, {"model": "auth.permission", "pk": 20, "fields": {"name": "Can view session", "content_type": 5, "codename": "view_session"}}, {"model": "auth.permission", "pk": 21, "fields": {"name": "Can add school", "content_type": 6, "codename": "add_school"}}, {"model": "auth.permission", "pk": 22, "fields": {"name": "Can change school", "content_type": 6, "codename": "change_school"}}, {"model": "auth.permission", "pk": 23, "fields": {"name": "Can delete school", "content_type": 6, "codename": "delete_school"}}, {"model": "auth.permission", "pk": 24, "fields": {"name": "Can view school", "content_type": 6, "codename": "view_school"}}, {"model": "auth.permission", "pk": 25, "fields": {"name": "Can add user", "content_type": 7, "codename": "add_user"}}, {"model": "auth.permission", "pk": 26, "fields": {"name": "Can change user", "content_type": 7, "codename": "change_user"}}, {"model": "auth.permission", "pk": 27, "fields": {"name": "Can delete user", "content_type": 7, "codename": "delete_user"}}, {"model": "auth.permission", "pk": 28, "fields": {"name": "Can view user", "content_type": 7, "codename": "view_user"}}, {"model": "auth.permission", "pk": 29, "fields": {"name": "Can add quiz", "content_type": 8, "codename": "add_quiz"}}, {"model": "auth.permission", "pk": 30, "fields": {"name": "Can change quiz", "content_type": 8, "codename": "change_quiz"}}, {"model": "auth.permission", "pk": 31, "fields": {"name": "Can delete quiz", "content_type": 8, "codename": "delete_quiz"}}, {"model": "auth.permission", "pk": 32, "fields": {"name": "Can view quiz", "content_type": 8, "codename": "view_quiz"}}, {"model": "auth.permission", "pk": 33, "fields": {"name": "Can add quiz attempt status", "content_type": 9, "codename": "add_quizattemptstatus"}}, {"model": "auth.permission", "pk": 34, "fields": {"name": "Can change quiz attempt status", "content_type": 9, "codename": "change_quizattemptstatus"}}, {"model": "auth.permission", "pk": 35, "fields": {"name": "Can delete quiz attempt status", "content_type": 9, "codename": "delete_quizattemptstatus"}}, {"model": "auth.permission", "pk": 36, "fields": {"name": "Can view quiz attempt status", "content_type": 9, "codename": "view_quizattemptstatus"}}, {"model": "auth.permission", "pk": 37, "fields": {"name": "Can add quiz answer", "content_type": 10, "codename": "add_quizanswer"}}, {"model": "auth.permission", "pk": 38, "fields": {"name": "Can change quiz answer", "content_type": 10, "codename": "change_quizanswer"}}, {"model": "auth.permission", "pk": 39, "fields": {"name": "Can delete quiz answer", "content_type": 10, "codename": "delete_quizanswer"}}, {"model": "auth.permission", "pk": 40, "fields": {"name": "Can view quiz answer", "content_type": 10, "codename": "view_quizanswer"}}, {"model": "auth.permission", "pk": 41, "fields": {"name": "Can add answer status", "content_type": 11, "codename": "add_answerstatus"}}, {"model": "auth.permission", "pk": 42, "fields": {"name": "Can change answer status", "content_type": 11, "codename": "change_answerstatus"}}, {"model": "auth.permission", "pk": 43, "fields": {"name": "Can delete answer status", "content_type": 11, "codename": "delete_answerstatus"}}, {"model": "auth.permission", "pk": 44, "fields": {"name": "Can view answer status", "content_type": 11, "codename": "view_answerstatus"}}, {"model": "auth.permission", "pk": 45, "fields": {"name": "Can add quiz question", "content_type": 12, "codename": "add_quizquestion"}}, {"model": "auth.permission", "pk": 46, "fields": {"name": "Can change quiz question", "content_type": 12, "codename": "change_quizquestion"}}, {"model": "auth.permission", "pk": 47, "fields": {"name": "Can delete quiz question", "content_type": 12, "codename": "delete_quizquestion"}}, {"model": "auth.permission", "pk": 48, "fields": {"name": "Can view quiz question", "content_type": 12, "codename": "view_quizquestion"}}, {"model": "contenttypes.contenttype", "pk": 1, "fields": {"app_label": "admin", "model": "logentry"}}, {"model": "contenttypes.contenttype", "pk": 2, "fields": {"app_label": "auth", "model": "permission"}}, {"model": "contenttypes.contenttype", "pk": 3, "fields": {"app_label": "auth", "model": "group"}}, {"model": "contenttypes.contenttype", "pk": 4, "fields": {"app_label": "contenttypes", "model": "contenttype"}}, {"model": "contenttypes.contenttype", "pk": 5, "fields": {"app_label": "sessions", "model": "session"}}, {"model": "contenttypes.contenttype", "pk": 6, "fields": {"app_label": "user", "model": "school"}}, {"model": "contenttypes.contenttype", "pk": 7, "fields": {"app_label": "user", "model": "user"}}, {"model": "contenttypes.contenttype", "pk": 8, "fields": {"app_label": "quiz", "model": "quiz"}}, {"model": "contenttypes.contenttype", "pk": 9, "fields": {"app_label": "quiz", "model": "quizattemptstatus"}}, {"model": "contenttypes.contenttype", "pk": 10, "fields": {"app_label": "quiz", "model": "quizanswer"}}, {"model": "contenttypes.contenttype", "pk": 11, "fields": {"app_label": "quiz", "model": "answerstatus"}}, {"model": "contenttypes.contenttype", "pk": 12, "fields": {"app_label": "quiz", "model": "quizquestion"}}, {"model": "sessions.session", "pk": "7g4rdvvzm1agkzrk958fgofuw4r8w9fk", "fields": {"session_data": ".eJxVjDEOAiEQRe9CbQgICGNp7xnIwAyyaiBZdivj3XWTLbT9773_EhHXpcZ18BwnEmdhxeF3S5gf3DZAd2y3LnNvyzwluSlyp0NeO_Hzsrt_BxVH_dbKmFJAOTYl-EIOqCCy10BGQ07mqK0Hn06ZnGZA8IZIqxQyW1Ahg3h_APCQOCE:1lnSZ0:gYjdr8j5aoVqRPsB2laC-Wtx2MqXq2dNdSMTFA2rebA", "expire_date": "2021-06-13T21:01:38.939Z"}}, {"model": "sessions.session", "pk": "n9e2paverwackuef86oku5eynbzjt0wj", "fields": {"session_data": ".eJxVjDEOAiEQRe9CbcgCwqClvWcgA8zIqoFk2a2Md1eSLbT9773_EgG3tYSt0xLmLM4CxOF3i5geVAfId6y3JlOr6zJHORS50y6vLdPzsrt_BwV7-dbISAmAM1ntFExZeTbOKEyJJkZmsC5SZDUMOKnonGHUHrS3mY5KvD8fXTkB:1lnddo:fdC-Z5I8SiXN7ZSkT4V64pfzo_fQFMuZ3dkP-XKvQL4", "expire_date": "2021-06-14T08:51:20.805Z"}}, {"model": "user.school", "pk": 2, "fields": {"name": "PSBB"}}, {"model": "user.school", "pk": 3, "fields": {"name": "MVM"}}, {"model": "user.school", "pk": 4, "fields": {"name": "Chettinad"}}, {"model": "user.school", "pk": 5, "fields": {"name": "BVM"}}, {"model": "user.school", "pk": 6, "fields": {"name": "SSM"}}, {"model": "user.user", "pk": 4, "fields": {"password": "pbkdf2_sha256$260000$Dts2H4axxGR7Sq28ROWtzA$6z11da69FzqAH3LEfTv7P+KRpRFdoSM46SvHUpLpYWI=", "last_login": "2021-05-31T08:50:40.364Z", "is_superuser": false, "email": "hram5441@gmail.com", "name": "HARIRAM PRAKASH", "school": 2, "is_active": true, "is_staff": false, "is_teacher": true, "groups": [], "user_permissions": []}}, {"model": "user.user", "pk": 5, "fields": {"password": "pbkdf2_sha256$260000$nqNlZwnO8vfaNHqTVlci2A$GJUBeVP0fu0cTqKX5AKTllyK3EedUipOwFnHL/14WXw=", "last_login": "2021-05-30T21:38:46.329Z", "is_superuser": true, "email": "hp5441@gmail.com", "name": null, "school": 2, "is_active": true, "is_staff": true, "is_teacher": false, "groups": [], "user_permissions": []}}, {"model": "user.user", "pk": 6, "fields": {"password": "pbkdf2_sha256$260000$5gt6kOmdcM81BjmoUxDPSG$N65WmtNgMwSsvaeALpMGxxPDr/ccWUhg+7ZlFuK5RpY=", "last_login": "2021-05-30T22:32:50.640Z", "is_superuser": false, "email": "hbo10899@gmail.com", "name": "hbo108", "school": 2, "is_active": true, "is_staff": false, "is_teacher": false, "groups": [], "user_permissions": []}}, {"model": "user.user", "pk": 7, "fields": {"password": "pbkdf2_sha256$260000$ZQIrBvaUq9RVQ9ulckLRsk$7bMQGp+NU4dRAZKFtJjWfbpTTlsoTs097yDPmPBXLw8=", "last_login": "2021-05-31T08:51:20.707Z", "is_superuser": false, "email": "cibi@gmail.com", "name": "cibi", "school": 2, "is_active": true, "is_staff": false, "is_teacher": false, "groups": [], "user_permissions": []}}, {"model": "quiz.quiz", "pk": 16, "fields": {"name": "general1", "type": "single", "school": 2, "created": "2021-05-30T20:39:03.393Z", "pass_percentage": 50, "completed": 0}}, {"model": "quiz.quiz", "pk": 17, "fields": {"name": "general2", "type": "single", "school": 2, "created": "2021-05-30T20:39:42.565Z", "pass_percentage": 50, "completed": 0}}, {"model": "quiz.quiz", "pk": 18, "fields": {"name": "general3", "type": "single", "school": 2, "created": "2021-05-30T21:01:49.893Z", "pass_percentage": 50, "completed": 1}}, {"model": "quiz.quiz", "pk": 19, "fields": {"name": "general4", "type": "single", "school": 2, "created": "2021-05-30T21:43:18.237Z", "pass_percentage": 50, "completed": 1}}, {"model": "quiz.quiz", "pk": 20, "fields": {"name": "general5", "type": "single", "school": 2, "created": "2021-05-30T21:50:20.146Z", "pass_percentage": 50, "completed": 2}}, {"model": "quiz.quiz", "pk": 21, "fields": {"name": "general6", "type": "single", "school": 2, "created": "2021-05-30T22:00:30.131Z", "pass_percentage": 50, "completed": 2}}, {"model": "quiz.quiz", "pk": 22, "fields": {"name": "general6", "type": "single", "school": 2, "created": "2021-05-30T22:00:35.515Z", "pass_percentage": 50, "completed": 2}}, {"model": "quiz.quiz", "pk": 23, "fields": {"name": "general7", "type": "single", "school": 2, "created": "2021-05-30T22:14:43.909Z", "pass_percentage": 50, "completed": 2}}, {"model": "quiz.quiz", "pk": 24, "fields": {"name": "general8", "type": "single", "school": 2, "created": "2021-05-30T22:32:33.355Z", "pass_percentage": 50, "completed": 2}}, {"model": "quiz.quiz", "pk": 25, "fields": {"name": "general9", "type": "single", "school": 2, "created": "2021-05-31T08:51:07.339Z", "pass_percentage": 65, "completed": 1}}, {"model": "quiz.quizquestion", "pk": 96, "fields": {"quiz": 16, "statement": "According to the BBPA, what is the most common pub name in the UK?"}}, {"model": "quiz.quizquestion", "pk": 97, "fields": {"quiz": 16, "statement": "Who wrote the novel &quot;Moby-Dick&quot;?"}}, {"model": "quiz.quizquestion", "pk": 98, "fields": {"quiz": 16, "statement": "Whose signature guitar technique is called the &quot;windmill&quot;?"}}, {"model": "quiz.quizquestion", "pk": 99, "fields": {"quiz": 16, "statement": "Which Japanese company is the world&#039;s largest manufacturer of motorcycles?"}}, {"model": "quiz.quizquestion", "pk": 100, "fields": {"quiz": 16, "statement": "Which of the following Copy Abilities was only featured in &quot;Kirby &amp; The Amazing Mirror&quot;?"}}, {"model": "quiz.quizquestion", "pk": 101, "fields": {"quiz": 16, "statement": "Which team has won the most Stanley Cups in the NHL?"}}, {"model": "quiz.quizquestion", "pk": 102, "fields": {"quiz": 16, "statement": "What vulnerability ranked #1 on the OWASP Top 10 in 2013?"}}, {"model": "quiz.quizquestion", "pk": 103, "fields": {"quiz": 16, "statement": "What year was hockey legend Wayne Gretzky born?"}}, {"model": "quiz.quizquestion", "pk": 104, "fields": {"quiz": 16, "statement": "In addition to his career as an astrologer and &quot;prophet&quot;, Nostradamus published a 1555 treatise that included a section on what?"}}, {"model": "quiz.quizquestion", "pk": 105, "fields": {"quiz": 16, "statement": "Who is the main villain of the Crash Bandicoot series?"}}, {"model": "quiz.quizquestion", "pk": 106, "fields": {"quiz": 17, "statement": "Who wrote and directed the animated movie &quot;Spirited Away&quot; (2001)?"}}, {"model": "quiz.quizquestion", "pk": 107, "fields": {"quiz": 17, "statement": "According to the International System of Units, how many bytes are in a kilobyte of RAM?"}}, {"model": "quiz.quizquestion", "pk": 108, "fields": {"quiz": 17, "statement": "What is the capital of Chile?"}}, {"model": "quiz.quizquestion", "pk": 109, "fields": {"quiz": 17, "statement": "In &quot;Overwatch&quot;, what is the name of Mercy&#039;s &quot;ultimate ability&quot;?"}}, {"model": "quiz.quizquestion", "pk": 110, "fields": {"quiz": 17, "statement": "Which episode from The Amazing World Of Gumball won the Childrens Choice Award at the British Animation Awards in 2016?"}}, {"model": "quiz.quizquestion", "pk": 111, "fields": {"quiz": 17, "statement": "In Hitman: Blood Money, what is the name of the target in the mission &quot;Death of a Showman&quot;?"}}, {"model": "quiz.quizquestion", "pk": 112, "fields": {"quiz": 17, "statement": "Which company developed the Hololens?"}}, {"model": "quiz.quizquestion", "pk": 113, "fields": {"quiz": 17, "statement": "Which country gifted the Statue of Liberty to the United States of America?"}}, {"model": "quiz.quizquestion", "pk": 114, "fields": {"quiz": 17, "statement": "In &quot;Black Lagoon&quot;, what colour is Rock&#039;s tie?"}}, {"model": "quiz.quizquestion", "pk": 115, "fields": {"quiz": 17, "statement": "Which weapon that was cut from the game &quot;Half Life 2&quot; was going to replace the crowbar?"}}, {"model": "quiz.quizquestion", "pk": 116, "fields": {"quiz": 18, "statement": "Who is Sonic&#039;s sidekick?"}}, {"model": "quiz.quizquestion", "pk": 117, "fields": {"quiz": 18, "statement": "Which team won the 2015-16 English Premier League?"}}, {"model": "quiz.quizquestion", "pk": 118, "fields": {"quiz": 18, "statement": "What is the name of Finnish DJ Darude&#039;s hit single released in October 1999?"}}, {"model": "quiz.quizquestion", "pk": 119, "fields": {"quiz": 18, "statement": "In the game &quot;Overwatch,&quot; which quote does the hero &quot;McCree&quot; NOT say upon using his flashbang ability?"}}, {"model": "quiz.quizquestion", "pk": 120, "fields": {"quiz": 18, "statement": "Which of these African countries list &quot;Spanish&quot; as an official language?"}}, {"model": "quiz.quizquestion", "pk": 121, "fields": {"quiz": 18, "statement": "What is the name of Poland in Polish?"}}, {"model": "quiz.quizquestion", "pk": 122, "fields": {"quiz": 18, "statement": "What do the letters of the fast food chain KFC stand for?"}}, {"model": "quiz.quizquestion", "pk": 123, "fields": {"quiz": 18, "statement": "In the 1969 Cartoon show &quot;Dastardly and Muttley in Their Flying Machines&quot;, which were NOT one of the lyrics in the opening theme?"}}, {"model": "quiz.quizquestion", "pk": 124, "fields": {"quiz": 18, "statement": "In &quot;Pheonix Wright: Ace Attorney&quot; which character is the District Chief of Police?"}}, {"model": "quiz.quizquestion", "pk": 125, "fields": {"quiz": 18, "statement": "Which soccer player is featured on the cover of EA Sport&#039;s FIFA 18?"}}, {"model": "quiz.quizquestion", "pk": 126, "fields": {"quiz": 19, "statement": "In the TV series &quot;Person of Interest&quot;, who plays the character &quot;Harold Finch&quot;?"}}, {"model": "quiz.quizquestion", "pk": 127, "fields": {"quiz": 19, "statement": "Which country does Austria not border?"}}, {"model": "quiz.quizquestion", "pk": 128, "fields": {"quiz": 19, "statement": "Which chemical element has the lowest boiling point?"}}, {"model": "quiz.quizquestion", "pk": 129, "fields": {"quiz": 19, "statement": "What prime number comes next after 19?"}}, {"model": "quiz.quizquestion", "pk": 130, "fields": {"quiz": 19, "statement": "&quot;The Big Bang Theory&quot; was first theorized by a priest of what religious ideology?"}}, {"model": "quiz.quizquestion", "pk": 131, "fields": {"quiz": 19, "statement": "In the game Paper Mario for the Nintendo 64 the first partner you meet is a Goomba, what is its name?"}}, {"model": "quiz.quizquestion", "pk": 132, "fields": {"quiz": 19, "statement": "What sport is being played in the Anime Eyeshield 21?"}}, {"model": "quiz.quizquestion", "pk": 133, "fields": {"quiz": 19, "statement": "What was the name of the rock band that Nobuo Uematsu formed that played songs from various Final Fantasy games?"}}, {"model": "quiz.quizquestion", "pk": 134, "fields": {"quiz": 19, "statement": "What was the first game in the &quot;Battlefield&quot; series?"}}, {"model": "quiz.quizquestion", "pk": 135, "fields": {"quiz": 19, "statement": "What was the wifi password given to Stephen Strange in Doctor Strange?"}}, {"model": "quiz.quizquestion", "pk": 136, "fields": {"quiz": 20, "statement": "How many pieces are there on the board at the start of a game of chess?"}}, {"model": "quiz.quizquestion", "pk": 137, "fields": {"quiz": 20, "statement": "The following Spanish provinces are located in the northern area of Spain except:"}}, {"model": "quiz.quizquestion", "pk": 138, "fields": {"quiz": 20, "statement": "In &quot;Avatar: The Last Airbender&quot;, which element does Aang begin to learn after being defrosted?"}}, {"model": "quiz.quizquestion", "pk": 139, "fields": {"quiz": 20, "statement": "Which company designed the &quot;Betamax&quot; video cassette format?"}}, {"model": "quiz.quizquestion", "pk": 140, "fields": {"quiz": 20, "statement": "How long was Ken Jennings&#039; win streak on Jeopardy?"}}, {"model": "quiz.quizquestion", "pk": 141, "fields": {"quiz": 20, "statement": "Which data structure does FILO apply to?"}}, {"model": "quiz.quizquestion", "pk": 142, "fields": {"quiz": 20, "statement": "In what year did the First World War end?"}}, {"model": "quiz.quizquestion", "pk": 143, "fields": {"quiz": 20, "statement": "Which product did Nokia, the telecommunications company, originally sell?"}}, {"model": "quiz.quizquestion", "pk": 144, "fields": {"quiz": 20, "statement": "What is the 4th boss in the 1997 video game &quot;Crash Bandicoot 2: Cortex Strikes Back&quot;?"}}, {"model": "quiz.quizquestion", "pk": 145, "fields": {"quiz": 20, "statement": "In the Magic: The Gathering universe, the Fallen Empires expansion takes place on which continent?"}}, {"model": "quiz.quizquestion", "pk": 146, "fields": {"quiz": 21, "statement": "What is the capital of Australia?"}}, {"model": "quiz.quizquestion", "pk": 147, "fields": {"quiz": 21, "statement": "Which of the following countries banned the use of personal genetic ancestry tests?"}}, {"model": "quiz.quizquestion", "pk": 148, "fields": {"quiz": 21, "statement": "Why was the character Trevor Philips discharged from the Air Force?"}}, {"model": "quiz.quizquestion", "pk": 149, "fields": {"quiz": 21, "statement": "Who is depicted on the US hundred dollar bill?"}}, {"model": "quiz.quizquestion", "pk": 150, "fields": {"quiz": 21, "statement": "In the programming language &quot;Python&quot;, which of these statements would display the string &quot;Hello World&quot; correctly?"}}, {"model": "quiz.quizquestion", "pk": 151, "fields": {"quiz": 21, "statement": "When was Left 4 Dead 2 released?"}}, {"model": "quiz.quizquestion", "pk": 152, "fields": {"quiz": 21, "statement": "In &quot;Call of Duty: Zombies&quot;, what group does Doctor Maxis work for?"}}, {"model": "quiz.quizquestion", "pk": 153, "fields": {"quiz": 21, "statement": "Why were only only 300,000 copies of Uniracers were produced?"}}, {"model": "quiz.quizquestion", "pk": 154, "fields": {"quiz": 21, "statement": "In &quot;PUBATTLEGROUNDS&quot; what is the name of the Military Base island?"}}, {"model": "quiz.quizquestion", "pk": 155, "fields": {"quiz": 21, "statement": "How many sets of grandmaster witcher gear are in The Witcher 3&#039;s Blood and Wine DLC?"}}, {"model": "quiz.quizquestion", "pk": 156, "fields": {"quiz": 22, "statement": "How many sovereign states are members of the United Nations?"}}, {"model": "quiz.quizquestion", "pk": 157, "fields": {"quiz": 22, "statement": "Which of the following former Yugoslavian states is landlocked?"}}, {"model": "quiz.quizquestion", "pk": 158, "fields": {"quiz": 22, "statement": "What is the title of song on the main menu in Halo?"}}, {"model": "quiz.quizquestion", "pk": 159, "fields": {"quiz": 22, "statement": "Generally, which component of a computer draws the most power?"}}, {"model": "quiz.quizquestion", "pk": 160, "fields": {"quiz": 22, "statement": "Capcom&#039;s survival horror title Dead Rising, canonically starts on what day of September 2006?"}}, {"model": "quiz.quizquestion", "pk": 161, "fields": {"quiz": 22, "statement": "When was Cadillac founded?"}}, {"model": "quiz.quizquestion", "pk": 162, "fields": {"quiz": 22, "statement": "How many different notes is the tune, &quot;Song of Healing&quot;, comprised of in &quot;The Legend of Zelda: Majora&#039;s Mask&quot;?"}}, {"model": "quiz.quizquestion", "pk": 163, "fields": {"quiz": 22, "statement": "Which of these cards from &quot;Magic: The Gathering&quot; has a flavor text that begins with &quot;Oi oi oi&quot;?"}}, {"model": "quiz.quizquestion", "pk": 164, "fields": {"quiz": 22, "statement": "In &quot;Puella Magi Madoka Magica&quot;, what is the first name of Madoka&#039;s younger brother?"}}, {"model": "quiz.quizquestion", "pk": 165, "fields": {"quiz": 22, "statement": "Lenovo acquired IBM&#039;s personal computer division, including the ThinkPad line of laptops and tablets, in what year?"}}, {"model": "quiz.quizquestion", "pk": 166, "fields": {"quiz": 23, "statement": "What country is the second largest in the world by area?"}}, {"model": "quiz.quizquestion", "pk": 167, "fields": {"quiz": 23, "statement": "What alcoholic drink is made from molasses?"}}, {"model": "quiz.quizquestion", "pk": 168, "fields": {"quiz": 23, "statement": "Before 2011, &quot;True Capitalist Radio&quot; was known by a different name. What was that name?"}}, {"model": "quiz.quizquestion", "pk": 169, "fields": {"quiz": 23, "statement": "&quot;Tomb Raider&quot; icon Lara Croft was originally called..."}}, {"model": "quiz.quizquestion", "pk": 170, "fields": {"quiz": 23, "statement": "In what film was the Michael Jackson song &quot;Will You Be There&quot; featured?"}}, {"model": "quiz.quizquestion", "pk": 171, "fields": {"quiz": 23, "statement": "&quot;The Potato Sack&quot; was a collection of indie games released on Steam in 2011 as a promotion for which game?"}}, {"model": "quiz.quizquestion", "pk": 172, "fields": {"quiz": 23, "statement": "Broome is a town in which state of Australia?"}}, {"model": "quiz.quizquestion", "pk": 173, "fields": {"quiz": 23, "statement": "What was the last message of the Dolphins in &quot;The Hitchhiker&#039;s Guide to the Galaxy&quot;?"}}, {"model": "quiz.quizquestion", "pk": 174, "fields": {"quiz": 23, "statement": "What is Dipper&#039;s real name from &quot;Gravity Falls&quot;?"}}, {"model": "quiz.quizquestion", "pk": 175, "fields": {"quiz": 23, "statement": "What part of the brain takes its name from the Greek for seahorse?"}}, {"model": "quiz.quizquestion", "pk": 176, "fields": {"quiz": 24, "statement": "The creator of the Enigma Cypher and Machine was of what nationality?"}}, {"model": "quiz.quizquestion", "pk": 177, "fields": {"quiz": 24, "statement": "What was Manfred von Richthofen&#039;s nickname?"}}, {"model": "quiz.quizquestion", "pk": 178, "fields": {"quiz": 24, "statement": "Which team was the 2014-2015 NBA Champions?"}}, {"model": "quiz.quizquestion", "pk": 179, "fields": {"quiz": 24, "statement": "Who is the main character with yellow hair in the anime Naruto?"}}, {"model": "quiz.quizquestion", "pk": 180, "fields": {"quiz": 24, "statement": "This Marvel superhero is often called &quot;The man without fear&quot;."}}, {"model": "quiz.quizquestion", "pk": 181, "fields": {"quiz": 24, "statement": "What animation studio produced &quot;Gurren Lagann&quot;?"}}, {"model": "quiz.quizquestion", "pk": 182, "fields": {"quiz": 24, "statement": "What character in the Winnie the Pooh films was added by Disney and does not appear in the original books?"}}, {"model": "quiz.quizquestion", "pk": 183, "fields": {"quiz": 24, "statement": "The medial meniscus forms which part of what joint in the human body?"}}, {"model": "quiz.quizquestion", "pk": 184, "fields": {"quiz": 24, "statement": "In the &quot;Metal Gear Solid&quot; series, what&#039;s the name of Solid Snake&#039;s brother?"}}, {"model": "quiz.quizquestion", "pk": 185, "fields": {"quiz": 24, "statement": "In the Mad Max franchise, what type of car is the Pursuit Special driven by Max?"}}, {"model": "quiz.quizquestion", "pk": 186, "fields": {"quiz": 25, "statement": "Who is the protagonist in the game &quot;The Walking Dead: Season One&quot;?"}}, {"model": "quiz.quizquestion", "pk": 187, "fields": {"quiz": 25, "statement": "What is the official language of Costa Rica?"}}, {"model": "quiz.quizquestion", "pk": 188, "fields": {"quiz": 25, "statement": "The numbering system with a radix of 16 is more commonly referred to as "}}, {"model": "quiz.quizquestion", "pk": 189, "fields": {"quiz": 25, "statement": "Which artist&#039;s style was to use small different colored dots to create a picture?"}}, {"model": "quiz.quizquestion", "pk": 190, "fields": {"quiz": 25, "statement": "Which data structure does FILO apply to?"}}, {"model": "quiz.quizquestion", "pk": 191, "fields": {"quiz": 25, "statement": "In what year was &quot;Super Mario Sunshine&quot; released?"}}, {"model": "quiz.quizquestion", "pk": 192, "fields": {"quiz": 25, "statement": "Named after the mallow flower, mauve is a shade of what?"}}, {"model": "quiz.quizquestion", "pk": 193, "fields": {"quiz": 25, "statement": "Which one of these is NOT an official map in Counter-Strike: Global Offensive?"}}, {"model": "quiz.quizquestion", "pk": 194, "fields": {"quiz": 25, "statement": "Frankenmuth, a US city nicknamed &quot;Little Bavaria&quot;, is located in what state?"}}, {"model": "quiz.quizquestion", "pk": 195, "fields": {"quiz": 25, "statement": "Which of the following spacecraft never touched the moon?"}}, {"model": "quiz.quizanswer", "pk": 369, "fields": {"quiz": 16, "question": 96, "answer": "Red Lion", "is_correct": true}}, {"model": "quiz.quizanswer", "pk": 370, "fields": {"quiz": 16, "question": 96, "answer": "Royal Oak", "is_correct": false}}, {"model": "quiz.quizanswer", "pk": 371, "fields": {"quiz": 16, "question": 96, "answer": "White Hart", "is_correct": false}}, {"model": "quiz.quizanswer", "pk": 372, "fields": {"quiz": 16, "question": 96, "answer": "King&#039;s Head", "is_correct": false}}, {"model": "quiz.quizanswer", "pk": 373, "fields": {"quiz": 16, "question": 97, "answer": "Herman Melville", "is_correct": true}}, {"model": "quiz.quizanswer", "pk": 374, "fields": {"quiz": 16, "question": 97, "answer": "William Golding", "is_correct": false}}, {"model": "quiz.quizanswer", "pk": 375, "fields": {"quiz": 16, "question": 97, "answer": "William Shakespeare", "is_correct": false}}, {"model": "quiz.quizanswer", "pk": 376, "fields": {"quiz": 16, "question": 97, "answer": "J. R. R. Tolkien", "is_correct": false}}, {"model": "quiz.quizanswer", "pk": 377, "fields": {"quiz": 16, "question": 98, "answer": "Pete Townshend", "is_correct": true}}, {"model": "quiz.quizanswer", "pk": 378, "fields": {"quiz": 16, "question": 98, "answer": "Jimmy Page", "is_correct": false}}, {"model": "quiz.quizanswer", "pk": 379, "fields": {"quiz": 16, "question": 98, "answer": "Eddie Van Halen", "is_correct": false}}, {"model": "quiz.quizanswer", "pk": 380, "fields": {"quiz": 16, "question": 98, "answer": "Jimi Hendrix", "is_correct": false}}, {"model": "quiz.quizanswer", "pk": 381, "fields": {"quiz": 16, "question": 99, "answer": "Honda", "is_correct": true}}, {"model": "quiz.quizanswer", "pk": 382, "fields": {"quiz": 16, "question": 99, "answer": "Yamaha", "is_correct": false}}, {"model": "quiz.quizanswer", "pk": 383, "fields": {"quiz": 16, "question": 99, "answer": "Suzuki", "is_correct": false}}, {"model": "quiz.quizanswer", "pk": 384, "fields": {"quiz": 16, "question": 99, "answer": "Kawasaki", "is_correct": false}}, {"model": "quiz.quizanswer", "pk": 385, "fields": {"quiz": 16, "question": 100, "answer": "Mini", "is_correct": true}}, {"model": "quiz.quizanswer", "pk": 386, "fields": {"quiz": 16, "question": 100, "answer": "Magic", "is_correct": false}}, {"model": "quiz.quizanswer", "pk": 387, "fields": {"quiz": 16, "question": 100, "answer": "Smash", "is_correct": false}}, {"model": "quiz.quizanswer", "pk": 388, "fields": {"quiz": 16, "question": 100, "answer": "Missile", "is_correct": false}}, {"model": "quiz.quizanswer", "pk": 389, "fields": {"quiz": 16, "question": 101, "answer": "Montreal Canadians", "is_correct": true}}, {"model": "quiz.quizanswer", "pk": 390, "fields": {"quiz": 16, "question": 101, "answer": "Chicago Blackhawks", "is_correct": false}}, {"model": "quiz.quizanswer", "pk": 391, "fields": {"quiz": 16, "question": 101, "answer": "Toronto Maple Leafs", "is_correct": false}}, {"model": "quiz.quizanswer", "pk": 392, "fields": {"quiz": 16, "question": 101, "answer": "Detroit Red Wings", "is_correct": false}}, {"model": "quiz.quizanswer", "pk": 393, "fields": {"quiz": 16, "question": 102, "answer": "Injection ", "is_correct": true}}, {"model": "quiz.quizanswer", "pk": 394, "fields": {"quiz": 16, "question": 102, "answer": "Broken Authentication", "is_correct": false}}, {"model": "quiz.quizanswer", "pk": 395, "fields": {"quiz": 16, "question": 102, "answer": "Cross-Site Scripting", "is_correct": false}}, {"model": "quiz.quizanswer", "pk": 396, "fields": {"quiz": 16, "question": 102, "answer": "Insecure Direct Object References", "is_correct": false}}, {"model": "quiz.quizanswer", "pk": 397, "fields": {"quiz": 16, "question": 103, "answer": "1961", "is_correct": true}}, {"model": "quiz.quizanswer", "pk": 398, "fields": {"quiz": 16, "question": 103, "answer": "1965", "is_correct": false}}, {"model": "quiz.quizanswer", "pk": 399, "fields": {"quiz": 16, "question": 103, "answer": "1959", "is_correct": false}}, {"model": "quiz.quizanswer", "pk": 400, "fields": {"quiz": 16, "question": 103, "answer": "1963", "is_correct": false}}, {"model": "quiz.quizanswer", "pk": 401, "fields": {"quiz": 16, "question": 104, "answer": "Making jams and jellies", "is_correct": true}}, {"model": "quiz.quizanswer", "pk": 402, "fields": {"quiz": 16, "question": 104, "answer": "Teaching parrots to talk", "is_correct": false}}, {"model": "quiz.quizanswer", "pk": 403, "fields": {"quiz": 16, "question": 104, "answer": "Cheating at card games", "is_correct": false}}, {"model": "quiz.quizanswer", "pk": 404, "fields": {"quiz": 16, "question": 104, "answer": "Digging graves", "is_correct": false}}, {"model": "quiz.quizanswer", "pk": 405, "fields": {"quiz": 16, "question": 105, "answer": "Dr. Neo Cortex", "is_correct": true}}, {"model": "quiz.quizanswer", "pk": 406, "fields": {"quiz": 16, "question": 105, "answer": "Dr. Evo-Cortex", "is_correct": false}}, {"model": "quiz.quizanswer", "pk": 407, "fields": {"quiz": 16, "question": 105, "answer": "Dr. Cortox", "is_correct": false}}, {"model": "quiz.quizanswer", "pk": 408, "fields": {"quiz": 16, "question": 105, "answer": "Sir Cartex", "is_correct": false}}, {"model": "quiz.quizanswer", "pk": 409, "fields": {"quiz": 17, "question": 106, "answer": "Hayao Miyazaki", "is_correct": true}}, {"model": "quiz.quizanswer", "pk": 410, "fields": {"quiz": 17, "question": 106, "answer": "Isao Takahata", "is_correct": false}}, {"model": "quiz.quizanswer", "pk": 411, "fields": {"quiz": 17, "question": 106, "answer": "Mamoru Hosoda", "is_correct": false}}, {"model": "quiz.quizanswer", "pk": 412, "fields": {"quiz": 17, "question": 106, "answer": "Hidetaka Miyazaki", "is_correct": false}}, {"model": "quiz.quizanswer", "pk": 413, "fields": {"quiz": 17, "question": 107, "answer": "1000", "is_correct": true}}, {"model": "quiz.quizanswer", "pk": 414, "fields": {"quiz": 17, "question": 107, "answer": "512", "is_correct": false}}, {"model": "quiz.quizanswer", "pk": 415, "fields": {"quiz": 17, "question": 107, "answer": "1024", "is_correct": false}}, {"model": "quiz.quizanswer", "pk": 416, "fields": {"quiz": 17, "question": 107, "answer": "500", "is_correct": false}}, {"model": "quiz.quizanswer", "pk": 417, "fields": {"quiz": 17, "question": 108, "answer": "Santiago", "is_correct": true}}, {"model": "quiz.quizanswer", "pk": 418, "fields": {"quiz": 17, "question": 108, "answer": "Valpara&iacute;so", "is_correct": false}}, {"model": "quiz.quizanswer", "pk": 419, "fields": {"quiz": 17, "question": 108, "answer": "Copiap&oacute;", "is_correct": false}}, {"model": "quiz.quizanswer", "pk": 420, "fields": {"quiz": 17, "question": 108, "answer": "Antofagasta", "is_correct": false}}, {"model": "quiz.quizanswer", "pk": 421, "fields": {"quiz": 17, "question": 109, "answer": "Valkyrie", "is_correct": true}}, {"model": "quiz.quizanswer", "pk": 422, "fields": {"quiz": 17, "question": 109, "answer": "Earthshatter", "is_correct": false}}, {"model": "quiz.quizanswer", "pk": 423, "fields": {"quiz": 17, "question": 109, "answer": "Rocket Barrage", "is_correct": false}}, {"model": "quiz.quizanswer", "pk": 424, "fields": {"quiz": 17, "question": 109, "answer": "Molten Core", "is_correct": false}}, {"model": "quiz.quizanswer", "pk": 425, "fields": {"quiz": 17, "question": 110, "answer": "The Shell", "is_correct": true}}, {"model": "quiz.quizanswer", "pk": 426, "fields": {"quiz": 17, "question": 110, "answer": "The Limit", "is_correct": false}}, {"model": "quiz.quizanswer", "pk": 427, "fields": {"quiz": 17, "question": 110, "answer": "The Kids", "is_correct": false}}, {"model": "quiz.quizanswer", "pk": 428, "fields": {"quiz": 17, "question": 110, "answer": "The Gripes", "is_correct": false}}, {"model": "quiz.quizanswer", "pk": 429, "fields": {"quiz": 17, "question": 111, "answer": "Joseph Clarence", "is_correct": true}}, {"model": "quiz.quizanswer", "pk": 430, "fields": {"quiz": 17, "question": 111, "answer": "The Swing King", "is_correct": false}}, {"model": "quiz.quizanswer", "pk": 431, "fields": {"quiz": 17, "question": 111, "answer": "Maynard John", "is_correct": false}}, {"model": "quiz.quizanswer", "pk": 432, "fields": {"quiz": 17, "question": 111, "answer": "Manuel Delgado", "is_correct": false}}, {"model": "quiz.quizanswer", "pk": 433, "fields": {"quiz": 17, "question": 112, "answer": "Microsoft", "is_correct": true}}, {"model": "quiz.quizanswer", "pk": 434, "fields": {"quiz": 17, "question": 112, "answer": "HTC", "is_correct": false}}, {"model": "quiz.quizanswer", "pk": 435, "fields": {"quiz": 17, "question": 112, "answer": "Oculus", "is_correct": false}}, {"model": "quiz.quizanswer", "pk": 436, "fields": {"quiz": 17, "question": 112, "answer": "Tobii", "is_correct": false}}, {"model": "quiz.quizanswer", "pk": 437, "fields": {"quiz": 17, "question": 113, "answer": "France", "is_correct": true}}, {"model": "quiz.quizanswer", "pk": 438, "fields": {"quiz": 17, "question": 113, "answer": "Spain", "is_correct": false}}, {"model": "quiz.quizanswer", "pk": 439, "fields": {"quiz": 17, "question": 113, "answer": "England", "is_correct": false}}, {"model": "quiz.quizanswer", "pk": 440, "fields": {"quiz": 17, "question": 113, "answer": "Germany", "is_correct": false}}, {"model": "quiz.quizanswer", "pk": 441, "fields": {"quiz": 17, "question": 114, "answer": "Teal", "is_correct": true}}, {"model": "quiz.quizanswer", "pk": 442, "fields": {"quiz": 17, "question": 114, "answer": "Crimson", "is_correct": false}}, {"model": "quiz.quizanswer", "pk": 443, "fields": {"quiz": 17, "question": 114, "answer": "Dark Brown", "is_correct": false}}, {"model": "quiz.quizanswer", "pk": 444, "fields": {"quiz": 17, "question": 114, "answer": "Black", "is_correct": false}}, {"model": "quiz.quizanswer", "pk": 445, "fields": {"quiz": 17, "question": 115, "answer": "Ice Axe", "is_correct": true}}, {"model": "quiz.quizanswer", "pk": 446, "fields": {"quiz": 17, "question": 115, "answer": "Fire Axe", "is_correct": false}}, {"model": "quiz.quizanswer", "pk": 447, "fields": {"quiz": 17, "question": 115, "answer": "Wrench", "is_correct": false}}, {"model": "quiz.quizanswer", "pk": 448, "fields": {"quiz": 17, "question": 115, "answer": "Hunting Knife", "is_correct": false}}, {"model": "quiz.quizanswer", "pk": 449, "fields": {"quiz": 18, "question": 116, "answer": "Tails", "is_correct": true}}, {"model": "quiz.quizanswer", "pk": 450, "fields": {"quiz": 18, "question": 116, "answer": "Shadow", "is_correct": false}}, {"model": "quiz.quizanswer", "pk": 451, "fields": {"quiz": 18, "question": 116, "answer": "Amy", "is_correct": false}}, {"model": "quiz.quizanswer", "pk": 452, "fields": {"quiz": 18, "question": 116, "answer": "Knuckles", "is_correct": false}}, {"model": "quiz.quizanswer", "pk": 453, "fields": {"quiz": 18, "question": 117, "answer": "Leicester City", "is_correct": true}}, {"model": "quiz.quizanswer", "pk": 454, "fields": {"quiz": 18, "question": 117, "answer": "Liverpool", "is_correct": false}}, {"model": "quiz.quizanswer", "pk": 455, "fields": {"quiz": 18, "question": 117, "answer": "Cheslea", "is_correct": false}}, {"model": "quiz.quizanswer", "pk": 456, "fields": {"quiz": 18, "question": 117, "answer": "Manchester United", "is_correct": false}}, {"model": "quiz.quizanswer", "pk": 457, "fields": {"quiz": 18, "question": 118, "answer": "Sandstorm", "is_correct": true}}, {"model": "quiz.quizanswer", "pk": 458, "fields": {"quiz": 18, "question": 118, "answer": "Dust Devil", "is_correct": false}}, {"model": "quiz.quizanswer", "pk": 459, "fields": {"quiz": 18, "question": 118, "answer": "Sirocco", "is_correct": false}}, {"model": "quiz.quizanswer", "pk": 460, "fields": {"quiz": 18, "question": 118, "answer": "Khamsin", "is_correct": false}}, {"model": "quiz.quizanswer", "pk": 461, "fields": {"quiz": 18, "question": 119, "answer": "&quot;You done?&quot;", "is_correct": true}}, {"model": "quiz.quizanswer", "pk": 462, "fields": {"quiz": 18, "question": 119, "answer": "&quot;Whoa there.&quot;", "is_correct": false}}, {"model": "quiz.quizanswer", "pk": 463, "fields": {"quiz": 18, "question": 119, "answer": "&quot;Hold up now.&quot;", "is_correct": false}}, {"model": "quiz.quizanswer", "pk": 464, "fields": {"quiz": 18, "question": 119, "answer": "&quot;Don&#039;t move.&quot;", "is_correct": false}}, {"model": "quiz.quizanswer", "pk": 465, "fields": {"quiz": 18, "question": 120, "answer": "Equatorial Guinea", "is_correct": true}}, {"model": "quiz.quizanswer", "pk": 466, "fields": {"quiz": 18, "question": 120, "answer": "Guinea", "is_correct": false}}, {"model": "quiz.quizanswer", "pk": 467, "fields": {"quiz": 18, "question": 120, "answer": "Cameroon", "is_correct": false}}, {"model": "quiz.quizanswer", "pk": 468, "fields": {"quiz": 18, "question": 120, "answer": "Angola", "is_correct": false}}, {"model": "quiz.quizanswer", "pk": 469, "fields": {"quiz": 18, "question": 121, "answer": "Polska", "is_correct": true}}, {"model": "quiz.quizanswer", "pk": 470, "fields": {"quiz": 18, "question": 121, "answer": "Pupcia", "is_correct": false}}, {"model": "quiz.quizanswer", "pk": 471, "fields": {"quiz": 18, "question": 121, "answer": "Polszka", "is_correct": false}}, {"model": "quiz.quizanswer", "pk": 472, "fields": {"quiz": 18, "question": 121, "answer": "P&oacute;land", "is_correct": false}}, {"model": "quiz.quizanswer", "pk": 473, "fields": {"quiz": 18, "question": 122, "answer": "Kentucky Fried Chicken", "is_correct": true}}, {"model": "quiz.quizanswer", "pk": 474, "fields": {"quiz": 18, "question": 122, "answer": "Kentucky Fresh Cheese", "is_correct": false}}, {"model": "quiz.quizanswer", "pk": 475, "fields": {"quiz": 18, "question": 122, "answer": "Kibbled Freaky Cow", "is_correct": false}}, {"model": "quiz.quizanswer", "pk": 476, "fields": {"quiz": 18, "question": 122, "answer": "Kiwi Food Cut", "is_correct": false}}, {"model": "quiz.quizanswer", "pk": 477, "fields": {"quiz": 18, "question": 123, "answer": "Stab him", "is_correct": true}}, {"model": "quiz.quizanswer", "pk": 478, "fields": {"quiz": 18, "question": 123, "answer": "Nab him", "is_correct": false}}, {"model": "quiz.quizanswer", "pk": 479, "fields": {"quiz": 18, "question": 123, "answer": "Jab him", "is_correct": false}}, {"model": "quiz.quizanswer", "pk": 480, "fields": {"quiz": 18, "question": 123, "answer": "Tab him", "is_correct": false}}, {"model": "quiz.quizanswer", "pk": 481, "fields": {"quiz": 18, "question": 124, "answer": "Damon Gant", "is_correct": true}}, {"model": "quiz.quizanswer", "pk": 482, "fields": {"quiz": 18, "question": 124, "answer": "Miles Edgeworth", "is_correct": false}}, {"model": "quiz.quizanswer", "pk": 483, "fields": {"quiz": 18, "question": 124, "answer": "Lana Skye", "is_correct": false}}, {"model": "quiz.quizanswer", "pk": 484, "fields": {"quiz": 18, "question": 124, "answer": "Mike Meekins", "is_correct": false}}, {"model": "quiz.quizanswer", "pk": 485, "fields": {"quiz": 18, "question": 125, "answer": "Cristiano Ronaldo", "is_correct": true}}, {"model": "quiz.quizanswer", "pk": 486, "fields": {"quiz": 18, "question": 125, "answer": "Lionel Messi", "is_correct": false}}, {"model": "quiz.quizanswer", "pk": 487, "fields": {"quiz": 18, "question": 125, "answer": "Neymar", "is_correct": false}}, {"model": "quiz.quizanswer", "pk": 488, "fields": {"quiz": 18, "question": 125, "answer": "Harry Kane", "is_correct": false}}, {"model": "quiz.quizanswer", "pk": 489, "fields": {"quiz": 19, "question": 126, "answer": "Michael Emerson", "is_correct": true}}, {"model": "quiz.quizanswer", "pk": 490, "fields": {"quiz": 19, "question": 126, "answer": "Jim Caviezel", "is_correct": false}}, {"model": "quiz.quizanswer", "pk": 491, "fields": {"quiz": 19, "question": 126, "answer": "Taraji P. Henson", "is_correct": false}}, {"model": "quiz.quizanswer", "pk": 492, "fields": {"quiz": 19, "question": 126, "answer": "Kevin Chapman", "is_correct": false}}, {"model": "quiz.quizanswer", "pk": 493, "fields": {"quiz": 19, "question": 127, "answer": "France", "is_correct": true}}, {"model": "quiz.quizanswer", "pk": 494, "fields": {"quiz": 19, "question": 127, "answer": "Slovenia", "is_correct": false}}, {"model": "quiz.quizanswer", "pk": 495, "fields": {"quiz": 19, "question": 127, "answer": "Switzerland", "is_correct": false}}, {"model": "quiz.quizanswer", "pk": 496, "fields": {"quiz": 19, "question": 127, "answer": "Slovakia", "is_correct": false}}, {"model": "quiz.quizanswer", "pk": 497, "fields": {"quiz": 19, "question": 128, "answer": "Helium", "is_correct": true}}, {"model": "quiz.quizanswer", "pk": 498, "fields": {"quiz": 19, "question": 128, "answer": "Hydrogen", "is_correct": false}}, {"model": "quiz.quizanswer", "pk": 499, "fields": {"quiz": 19, "question": 128, "answer": "Neon", "is_correct": false}}, {"model": "quiz.quizanswer", "pk": 500, "fields": {"quiz": 19, "question": 128, "answer": "Nitrogen", "is_correct": false}}, {"model": "quiz.quizanswer", "pk": 501, "fields": {"quiz": 19, "question": 129, "answer": "23", "is_correct": true}}, {"model": "quiz.quizanswer", "pk": 502, "fields": {"quiz": 19, "question": 129, "answer": "25", "is_correct": false}}, {"model": "quiz.quizanswer", "pk": 503, "fields": {"quiz": 19, "question": 129, "answer": "21", "is_correct": false}}, {"model": "quiz.quizanswer", "pk": 504, "fields": {"quiz": 19, "question": 129, "answer": "27", "is_correct": false}}, {"model": "quiz.quizanswer", "pk": 505, "fields": {"quiz": 19, "question": 130, "answer": "Catholic", "is_correct": true}}, {"model": "quiz.quizanswer", "pk": 506, "fields": {"quiz": 19, "question": 130, "answer": "Christian", "is_correct": false}}, {"model": "quiz.quizanswer", "pk": 507, "fields": {"quiz": 19, "question": 130, "answer": "Jewish", "is_correct": false}}, {"model": "quiz.quizanswer", "pk": 508, "fields": {"quiz": 19, "question": 130, "answer": "Islamic", "is_correct": false}}, {"model": "quiz.quizanswer", "pk": 509, "fields": {"quiz": 19, "question": 131, "answer": "Goombario", "is_correct": true}}, {"model": "quiz.quizanswer", "pk": 510, "fields": {"quiz": 19, "question": 131, "answer": "Goombella", "is_correct": false}}, {"model": "quiz.quizanswer", "pk": 511, "fields": {"quiz": 19, "question": 131, "answer": "Goombarry", "is_correct": false}}, {"model": "quiz.quizanswer", "pk": 512, "fields": {"quiz": 19, "question": 131, "answer": "Goomby", "is_correct": false}}, {"model": "quiz.quizanswer", "pk": 513, "fields": {"quiz": 19, "question": 132, "answer": "American Football", "is_correct": true}}, {"model": "quiz.quizanswer", "pk": 514, "fields": {"quiz": 19, "question": 132, "answer": "Baseball", "is_correct": false}}, {"model": "quiz.quizanswer", "pk": 515, "fields": {"quiz": 19, "question": 132, "answer": "Football", "is_correct": false}}, {"model": "quiz.quizanswer", "pk": 516, "fields": {"quiz": 19, "question": 132, "answer": "Basketball", "is_correct": false}}, {"model": "quiz.quizanswer", "pk": 517, "fields": {"quiz": 19, "question": 133, "answer": "The Black Mages", "is_correct": true}}, {"model": "quiz.quizanswer", "pk": 518, "fields": {"quiz": 19, "question": 133, "answer": "The Final Fantasies", "is_correct": false}}, {"model": "quiz.quizanswer", "pk": 519, "fields": {"quiz": 19, "question": 133, "answer": "The Espers", "is_correct": false}}, {"model": "quiz.quizanswer", "pk": 520, "fields": {"quiz": 19, "question": 133, "answer": "The Rock Summoners", "is_correct": false}}, {"model": "quiz.quizanswer", "pk": 521, "fields": {"quiz": 19, "question": 134, "answer": "Battlefield 1942", "is_correct": true}}, {"model": "quiz.quizanswer", "pk": 522, "fields": {"quiz": 19, "question": 134, "answer": "Battlefield Vietnam", "is_correct": false}}, {"model": "quiz.quizanswer", "pk": 523, "fields": {"quiz": 19, "question": 134, "answer": "Battlefield 2", "is_correct": false}}, {"model": "quiz.quizanswer", "pk": 524, "fields": {"quiz": 19, "question": 134, "answer": "Battlefield 1", "is_correct": false}}, {"model": "quiz.quizanswer", "pk": 525, "fields": {"quiz": 19, "question": 135, "answer": "Shambala", "is_correct": true}}, {"model": "quiz.quizanswer", "pk": 526, "fields": {"quiz": 19, "question": 135, "answer": "Peace", "is_correct": false}}, {"model": "quiz.quizanswer", "pk": 527, "fields": {"quiz": 19, "question": 135, "answer": "Ancient", "is_correct": false}}, {"model": "quiz.quizanswer", "pk": 528, "fields": {"quiz": 19, "question": 135, "answer": "Chakra", "is_correct": false}}, {"model": "quiz.quizanswer", "pk": 529, "fields": {"quiz": 20, "question": 136, "answer": "32", "is_correct": true}}, {"model": "quiz.quizanswer", "pk": 530, "fields": {"quiz": 20, "question": 136, "answer": "16", "is_correct": false}}, {"model": "quiz.quizanswer", "pk": 531, "fields": {"quiz": 20, "question": 136, "answer": "20", "is_correct": false}}, {"model": "quiz.quizanswer", "pk": 532, "fields": {"quiz": 20, "question": 136, "answer": "36", "is_correct": false}}, {"model": "quiz.quizanswer", "pk": 533, "fields": {"quiz": 20, "question": 137, "answer": "Murcia", "is_correct": true}}, {"model": "quiz.quizanswer", "pk": 534, "fields": {"quiz": 20, "question": 137, "answer": "Asturias", "is_correct": false}}, {"model": "quiz.quizanswer", "pk": 535, "fields": {"quiz": 20, "question": 137, "answer": "Navarre", "is_correct": false}}, {"model": "quiz.quizanswer", "pk": 536, "fields": {"quiz": 20, "question": 137, "answer": "Le&oacute;n", "is_correct": false}}, {"model": "quiz.quizanswer", "pk": 537, "fields": {"quiz": 20, "question": 138, "answer": "Water", "is_correct": true}}, {"model": "quiz.quizanswer", "pk": 538, "fields": {"quiz": 20, "question": 138, "answer": "Air", "is_correct": false}}, {"model": "quiz.quizanswer", "pk": 539, "fields": {"quiz": 20, "question": 138, "answer": "Earth", "is_correct": false}}, {"model": "quiz.quizanswer", "pk": 540, "fields": {"quiz": 20, "question": 138, "answer": "Fire", "is_correct": false}}, {"model": "quiz.quizanswer", "pk": 541, "fields": {"quiz": 20, "question": 139, "answer": "Sony", "is_correct": true}}, {"model": "quiz.quizanswer", "pk": 542, "fields": {"quiz": 20, "question": 139, "answer": "Panasonic", "is_correct": false}}, {"model": "quiz.quizanswer", "pk": 543, "fields": {"quiz": 20, "question": 139, "answer": "LG", "is_correct": false}}, {"model": "quiz.quizanswer", "pk": 544, "fields": {"quiz": 20, "question": 139, "answer": "Fujitsu", "is_correct": false}}, {"model": "quiz.quizanswer", "pk": 545, "fields": {"quiz": 20, "question": 140, "answer": "74", "is_correct": true}}, {"model": "quiz.quizanswer", "pk": 546, "fields": {"quiz": 20, "question": 140, "answer": "88", "is_correct": false}}, {"model": "quiz.quizanswer", "pk": 547, "fields": {"quiz": 20, "question": 140, "answer": "49", "is_correct": false}}, {"model": "quiz.quizanswer", "pk": 548, "fields": {"quiz": 20, "question": 140, "answer": "62", "is_correct": false}}, {"model": "quiz.quizanswer", "pk": 549, "fields": {"quiz": 20, "question": 141, "answer": "Stack", "is_correct": true}}, {"model": "quiz.quizanswer", "pk": 550, "fields": {"quiz": 20, "question": 141, "answer": "Queue", "is_correct": false}}, {"model": "quiz.quizanswer", "pk": 551, "fields": {"quiz": 20, "question": 141, "answer": "Heap", "is_correct": false}}, {"model": "quiz.quizanswer", "pk": 552, "fields": {"quiz": 20, "question": 141, "answer": "Tree", "is_correct": false}}, {"model": "quiz.quizanswer", "pk": 553, "fields": {"quiz": 20, "question": 142, "answer": "1918", "is_correct": true}}, {"model": "quiz.quizanswer", "pk": 554, "fields": {"quiz": 20, "question": 142, "answer": "1914", "is_correct": false}}, {"model": "quiz.quizanswer", "pk": 555, "fields": {"quiz": 20, "question": 142, "answer": "1916", "is_correct": false}}, {"model": "quiz.quizanswer", "pk": 556, "fields": {"quiz": 20, "question": 142, "answer": "1912", "is_correct": false}}, {"model": "quiz.quizanswer", "pk": 557, "fields": {"quiz": 20, "question": 143, "answer": "Paper", "is_correct": true}}, {"model": "quiz.quizanswer", "pk": 558, "fields": {"quiz": 20, "question": 143, "answer": "Phones", "is_correct": false}}, {"model": "quiz.quizanswer", "pk": 559, "fields": {"quiz": 20, "question": 143, "answer": "Computers", "is_correct": false}}, {"model": "quiz.quizanswer", "pk": 560, "fields": {"quiz": 20, "question": 143, "answer": "Processors", "is_correct": false}}, {"model": "quiz.quizanswer", "pk": 561, "fields": {"quiz": 20, "question": 144, "answer": "Dr. N. Gin", "is_correct": true}}, {"model": "quiz.quizanswer", "pk": 562, "fields": {"quiz": 20, "question": 144, "answer": "Dr. Neo Cortex", "is_correct": false}}, {"model": "quiz.quizanswer", "pk": 563, "fields": {"quiz": 20, "question": 144, "answer": "Komodo Brothers", "is_correct": false}}, {"model": "quiz.quizanswer", "pk": 564, "fields": {"quiz": 20, "question": 144, "answer": "Tiny Tiger", "is_correct": false}}, {"model": "quiz.quizanswer", "pk": 565, "fields": {"quiz": 20, "question": 145, "answer": "Sarpadia", "is_correct": true}}, {"model": "quiz.quizanswer", "pk": 566, "fields": {"quiz": 20, "question": 145, "answer": "Otaria", "is_correct": false}}, {"model": "quiz.quizanswer", "pk": 567, "fields": {"quiz": 20, "question": 145, "answer": "Terisiare", "is_correct": false}}, {"model": "quiz.quizanswer", "pk": 568, "fields": {"quiz": 20, "question": 145, "answer": "Shiv", "is_correct": false}}, {"model": "quiz.quizanswer", "pk": 569, "fields": {"quiz": 21, "question": 146, "answer": "Canberra", "is_correct": true}}, {"model": "quiz.quizanswer", "pk": 570, "fields": {"quiz": 21, "question": 146, "answer": "Sydney", "is_correct": false}}, {"model": "quiz.quizanswer", "pk": 571, "fields": {"quiz": 21, "question": 146, "answer": "Melbourne", "is_correct": false}}, {"model": "quiz.quizanswer", "pk": 572, "fields": {"quiz": 21, "question": 146, "answer": "Brisbane", "is_correct": false}}, {"model": "quiz.quizanswer", "pk": 573, "fields": {"quiz": 21, "question": 147, "answer": "Germany", "is_correct": true}}, {"model": "quiz.quizanswer", "pk": 574, "fields": {"quiz": 21, "question": 147, "answer": "Austria", "is_correct": false}}, {"model": "quiz.quizanswer", "pk": 575, "fields": {"quiz": 21, "question": 147, "answer": "Canada", "is_correct": false}}, {"model": "quiz.quizanswer", "pk": 576, "fields": {"quiz": 21, "question": 147, "answer": "Sweden", "is_correct": false}}, {"model": "quiz.quizanswer", "pk": 577, "fields": {"quiz": 21, "question": 148, "answer": "Mental Health Issues", "is_correct": true}}, {"model": "quiz.quizanswer", "pk": 578, "fields": {"quiz": 21, "question": 148, "answer": "Injuries", "is_correct": false}}, {"model": "quiz.quizanswer", "pk": 579, "fields": {"quiz": 21, "question": 148, "answer": "Disease", "is_correct": false}}, {"model": "quiz.quizanswer", "pk": 580, "fields": {"quiz": 21, "question": 148, "answer": "Danger to Others", "is_correct": false}}, {"model": "quiz.quizanswer", "pk": 581, "fields": {"quiz": 21, "question": 149, "answer": "Benjamin Franklin", "is_correct": true}}, {"model": "quiz.quizanswer", "pk": 582, "fields": {"quiz": 21, "question": 149, "answer": "George Washington", "is_correct": false}}, {"model": "quiz.quizanswer", "pk": 583, "fields": {"quiz": 21, "question": 149, "answer": "Abraham Lincoln", "is_correct": false}}, {"model": "quiz.quizanswer", "pk": 584, "fields": {"quiz": 21, "question": 149, "answer": "Thomas Jefferson", "is_correct": false}}, {"model": "quiz.quizanswer", "pk": 585, "fields": {"quiz": 21, "question": 150, "answer": "print(&quot;Hello World&quot;)", "is_correct": true}}, {"model": "quiz.quizanswer", "pk": 586, "fields": {"quiz": 21, "question": 150, "answer": "console.log(&quot;Hello World&quot;)", "is_correct": false}}, {"model": "quiz.quizanswer", "pk": 587, "fields": {"quiz": 21, "question": 150, "answer": "echo &quot;Hello World&quot;", "is_correct": false}}, {"model": "quiz.quizanswer", "pk": 588, "fields": {"quiz": 21, "question": 150, "answer": "printf(&quot;Hello World&quot;)", "is_correct": false}}, {"model": "quiz.quizanswer", "pk": 589, "fields": {"quiz": 21, "question": 151, "answer": "November 17, 2009", "is_correct": true}}, {"model": "quiz.quizanswer", "pk": 590, "fields": {"quiz": 21, "question": 151, "answer": "May 3, 2008", "is_correct": false}}, {"model": "quiz.quizanswer", "pk": 591, "fields": {"quiz": 21, "question": 151, "answer": "November 30, 2009", "is_correct": false}}, {"model": "quiz.quizanswer", "pk": 592, "fields": {"quiz": 21, "question": 151, "answer": "June 30, 2010", "is_correct": false}}, {"model": "quiz.quizanswer", "pk": 593, "fields": {"quiz": 21, "question": 152, "answer": "Group 935", "is_correct": true}}, {"model": "quiz.quizanswer", "pk": 594, "fields": {"quiz": 21, "question": 152, "answer": "Group Reanimate", "is_correct": false}}, {"model": "quiz.quizanswer", "pk": 595, "fields": {"quiz": 21, "question": 152, "answer": "Group Rezurrection", "is_correct": false}}, {"model": "quiz.quizanswer", "pk": 596, "fields": {"quiz": 21, "question": 152, "answer": "Division 9", "is_correct": false}}, {"model": "quiz.quizanswer", "pk": 597, "fields": {"quiz": 21, "question": 153, "answer": "DMA Designs was sued by Pixar, preventing more copies from being produced", "is_correct": true}}, {"model": "quiz.quizanswer", "pk": 598, "fields": {"quiz": 21, "question": 153, "answer": "There was a disagreement between DMA Designs and Nintendo", "is_correct": false}}, {"model": "quiz.quizanswer", "pk": 599, "fields": {"quiz": 21, "question": 153, "answer": "It didn&#039;t sell well due to poor review scores", "is_correct": false}}, {"model": "quiz.quizanswer", "pk": 600, "fields": {"quiz": 21, "question": 153, "answer": "No public information is available", "is_correct": false}}, {"model": "quiz.quizanswer", "pk": 601, "fields": {"quiz": 21, "question": 154, "answer": "Sosnovka", "is_correct": true}}, {"model": "quiz.quizanswer", "pk": 602, "fields": {"quiz": 21, "question": 154, "answer": "Novorepnoye", "is_correct": false}}, {"model": "quiz.quizanswer", "pk": 603, "fields": {"quiz": 21, "question": 154, "answer": "Mylta", "is_correct": false}}, {"model": "quiz.quizanswer", "pk": 604, "fields": {"quiz": 21, "question": 154, "answer": "Yasnaya", "is_correct": false}}, {"model": "quiz.quizanswer", "pk": 605, "fields": {"quiz": 21, "question": 155, "answer": "5", "is_correct": true}}, {"model": "quiz.quizanswer", "pk": 606, "fields": {"quiz": 21, "question": 155, "answer": "3", "is_correct": false}}, {"model": "quiz.quizanswer", "pk": 607, "fields": {"quiz": 21, "question": 155, "answer": "6", "is_correct": false}}, {"model": "quiz.quizanswer", "pk": 608, "fields": {"quiz": 21, "question": 155, "answer": "4", "is_correct": false}}, {"model": "quiz.quizanswer", "pk": 609, "fields": {"quiz": 22, "question": 156, "answer": "195", "is_correct": true}}, {"model": "quiz.quizanswer", "pk": 610, "fields": {"quiz": 22, "question": 156, "answer": "201", "is_correct": false}}, {"model": "quiz.quizanswer", "pk": 611, "fields": {"quiz": 22, "question": 156, "answer": "153", "is_correct": false}}, {"model": "quiz.quizanswer", "pk": 612, "fields": {"quiz": 22, "question": 156, "answer": "178", "is_correct": false}}, {"model": "quiz.quizanswer", "pk": 613, "fields": {"quiz": 22, "question": 157, "answer": "Serbia", "is_correct": true}}, {"model": "quiz.quizanswer", "pk": 614, "fields": {"quiz": 22, "question": 157, "answer": "Bosnia and Herzegovina", "is_correct": false}}, {"model": "quiz.quizanswer", "pk": 615, "fields": {"quiz": 22, "question": 157, "answer": "Montenegro", "is_correct": false}}, {"model": "quiz.quizanswer", "pk": 616, "fields": {"quiz": 22, "question": 157, "answer": "Croatia", "is_correct": false}}, {"model": "quiz.quizanswer", "pk": 617, "fields": {"quiz": 22, "question": 158, "answer": "Halo", "is_correct": true}}, {"model": "quiz.quizanswer", "pk": 618, "fields": {"quiz": 22, "question": 158, "answer": "Opening Suite", "is_correct": false}}, {"model": "quiz.quizanswer", "pk": 619, "fields": {"quiz": 22, "question": 158, "answer": "Shadows", "is_correct": false}}, {"model": "quiz.quizanswer", "pk": 620, "fields": {"quiz": 22, "question": 158, "answer": "Suite Autumn", "is_correct": false}}, {"model": "quiz.quizanswer", "pk": 621, "fields": {"quiz": 22, "question": 159, "answer": "Video Card", "is_correct": true}}, {"model": "quiz.quizanswer", "pk": 622, "fields": {"quiz": 22, "question": 159, "answer": "Hard Drive", "is_correct": false}}, {"model": "quiz.quizanswer", "pk": 623, "fields": {"quiz": 22, "question": 159, "answer": "Processor", "is_correct": false}}, {"model": "quiz.quizanswer", "pk": 624, "fields": {"quiz": 22, "question": 159, "answer": "Power Supply", "is_correct": false}}, {"model": "quiz.quizanswer", "pk": 625, "fields": {"quiz": 22, "question": 160, "answer": "September 19th", "is_correct": true}}, {"model": "quiz.quizanswer", "pk": 626, "fields": {"quiz": 22, "question": 160, "answer": "September 21st", "is_correct": false}}, {"model": "quiz.quizanswer", "pk": 627, "fields": {"quiz": 22, "question": 160, "answer": "September 30th", "is_correct": false}}, {"model": "quiz.quizanswer", "pk": 628, "fields": {"quiz": 22, "question": 160, "answer": "September 14th", "is_correct": false}}, {"model": "quiz.quizanswer", "pk": 629, "fields": {"quiz": 22, "question": 161, "answer": "1902", "is_correct": true}}, {"model": "quiz.quizanswer", "pk": 630, "fields": {"quiz": 22, "question": 161, "answer": "1964", "is_correct": false}}, {"model": "quiz.quizanswer", "pk": 631, "fields": {"quiz": 22, "question": 161, "answer": "1898", "is_correct": false}}, {"model": "quiz.quizanswer", "pk": 632, "fields": {"quiz": 22, "question": 161, "answer": "1985", "is_correct": false}}, {"model": "quiz.quizanswer", "pk": 633, "fields": {"quiz": 22, "question": 162, "answer": "3", "is_correct": true}}, {"model": "quiz.quizanswer", "pk": 634, "fields": {"quiz": 22, "question": 162, "answer": "4", "is_correct": false}}, {"model": "quiz.quizanswer", "pk": 635, "fields": {"quiz": 22, "question": 162, "answer": "1", "is_correct": false}}, {"model": "quiz.quizanswer", "pk": 636, "fields": {"quiz": 22, "question": 162, "answer": "6", "is_correct": false}}, {"model": "quiz.quizanswer", "pk": 637, "fields": {"quiz": 22, "question": 163, "answer": "Uthden Troll", "is_correct": true}}, {"model": "quiz.quizanswer", "pk": 638, "fields": {"quiz": 22, "question": 163, "answer": "Lotleth Troll", "is_correct": false}}, {"model": "quiz.quizanswer", "pk": 639, "fields": {"quiz": 22, "question": 163, "answer": "Albino Troll", "is_correct": false}}, {"model": "quiz.quizanswer", "pk": 640, "fields": {"quiz": 22, "question": 163, "answer": "Harvester Troll", "is_correct": false}}, {"model": "quiz.quizanswer", "pk": 641, "fields": {"quiz": 22, "question": 164, "answer": "Tatsuya", "is_correct": true}}, {"model": "quiz.quizanswer", "pk": 642, "fields": {"quiz": 22, "question": 164, "answer": "Montoya", "is_correct": false}}, {"model": "quiz.quizanswer", "pk": 643, "fields": {"quiz": 22, "question": 164, "answer": "Tomohisa", "is_correct": false}}, {"model": "quiz.quizanswer", "pk": 644, "fields": {"quiz": 22, "question": 164, "answer": "Minato", "is_correct": false}}, {"model": "quiz.quizanswer", "pk": 645, "fields": {"quiz": 22, "question": 165, "answer": "2005", "is_correct": true}}, {"model": "quiz.quizanswer", "pk": 646, "fields": {"quiz": 22, "question": 165, "answer": "1999", "is_correct": false}}, {"model": "quiz.quizanswer", "pk": 647, "fields": {"quiz": 22, "question": 165, "answer": "2002", "is_correct": false}}, {"model": "quiz.quizanswer", "pk": 648, "fields": {"quiz": 22, "question": 165, "answer": "2008", "is_correct": false}}, {"model": "quiz.quizanswer", "pk": 649, "fields": {"quiz": 23, "question": 166, "answer": "Canada", "is_correct": true}}, {"model": "quiz.quizanswer", "pk": 650, "fields": {"quiz": 23, "question": 166, "answer": "Russia", "is_correct": false}}, {"model": "quiz.quizanswer", "pk": 651, "fields": {"quiz": 23, "question": 166, "answer": "China", "is_correct": false}}, {"model": "quiz.quizanswer", "pk": 652, "fields": {"quiz": 23, "question": 166, "answer": "United States of America", "is_correct": false}}, {"model": "quiz.quizanswer", "pk": 653, "fields": {"quiz": 23, "question": 167, "answer": "Rum", "is_correct": true}}, {"model": "quiz.quizanswer", "pk": 654, "fields": {"quiz": 23, "question": 167, "answer": "Gin", "is_correct": false}}, {"model": "quiz.quizanswer", "pk": 655, "fields": {"quiz": 23, "question": 167, "answer": "Vodka", "is_correct": false}}, {"model": "quiz.quizanswer", "pk": 656, "fields": {"quiz": 23, "question": 167, "answer": "Whisky", "is_correct": false}}, {"model": "quiz.quizanswer", "pk": 657, "fields": {"quiz": 23, "question": 168, "answer": "True Conservative Radio", "is_correct": true}}, {"model": "quiz.quizanswer", "pk": 658, "fields": {"quiz": 23, "question": 168, "answer": "True Republican Radio", "is_correct": false}}, {"model": "quiz.quizanswer", "pk": 659, "fields": {"quiz": 23, "question": 168, "answer": "Texan Capitalist Radio", "is_correct": false}}, {"model": "quiz.quizanswer", "pk": 660, "fields": {"quiz": 23, "question": 168, "answer": "United Capitalists", "is_correct": false}}, {"model": "quiz.quizanswer", "pk": 661, "fields": {"quiz": 23, "question": 169, "answer": "Laura Cruz", "is_correct": true}}, {"model": "quiz.quizanswer", "pk": 662, "fields": {"quiz": 23, "question": 169, "answer": "Laura Craft", "is_correct": false}}, {"model": "quiz.quizanswer", "pk": 663, "fields": {"quiz": 23, "question": 169, "answer": "Laura Croft", "is_correct": false}}, {"model": "quiz.quizanswer", "pk": 664, "fields": {"quiz": 23, "question": 169, "answer": "Lara Craft", "is_correct": false}}, {"model": "quiz.quizanswer", "pk": 665, "fields": {"quiz": 23, "question": 170, "answer": "Free Willy", "is_correct": true}}, {"model": "quiz.quizanswer", "pk": 666, "fields": {"quiz": 23, "question": 170, "answer": "Sleepless in Seattle", "is_correct": false}}, {"model": "quiz.quizanswer", "pk": 667, "fields": {"quiz": 23, "question": 170, "answer": "Men in Black", "is_correct": false}}, {"model": "quiz.quizanswer", "pk": 668, "fields": {"quiz": 23, "question": 170, "answer": "Bad Boys", "is_correct": false}}, {"model": "quiz.quizanswer", "pk": 669, "fields": {"quiz": 23, "question": 171, "answer": "Portal 2", "is_correct": true}}, {"model": "quiz.quizanswer", "pk": 670, "fields": {"quiz": 23, "question": 171, "answer": "Left 4 Dead 2", "is_correct": false}}, {"model": "quiz.quizanswer", "pk": 671, "fields": {"quiz": 23, "question": 171, "answer": "Half-Life 3", "is_correct": false}}, {"model": "quiz.quizanswer", "pk": 672, "fields": {"quiz": 23, "question": 171, "answer": "Dota 2", "is_correct": false}}, {"model": "quiz.quizanswer", "pk": 673, "fields": {"quiz": 23, "question": 172, "answer": "Western Australia", "is_correct": true}}, {"model": "quiz.quizanswer", "pk": 674, "fields": {"quiz": 23, "question": 172, "answer": "Northern Territory", "is_correct": false}}, {"model": "quiz.quizanswer", "pk": 675, "fields": {"quiz": 23, "question": 172, "answer": "South Australia", "is_correct": false}}, {"model": "quiz.quizanswer", "pk": 676, "fields": {"quiz": 23, "question": 172, "answer": "Tasmania", "is_correct": false}}, {"model": "quiz.quizanswer", "pk": 677, "fields": {"quiz": 23, "question": 173, "answer": "&quot;So long, and thanks for all the fish.&quot;", "is_correct": true}}, {"model": "quiz.quizanswer", "pk": 678, "fields": {"quiz": 23, "question": 173, "answer": "&quot;The answer is 42.&quot;", "is_correct": false}}, {"model": "quiz.quizanswer", "pk": 679, "fields": {"quiz": 23, "question": 173, "answer": "&quot;Land of the brave.&quot;", "is_correct": false}}, {"model": "quiz.quizanswer", "pk": 680, "fields": {"quiz": 23, "question": 173, "answer": "&quot;Goodbye cruel world!&quot;", "is_correct": false}}, {"model": "quiz.quizanswer", "pk": 681, "fields": {"quiz": 23, "question": 174, "answer": "Mason Pines", "is_correct": true}}, {"model": "quiz.quizanswer", "pk": 682, "fields": {"quiz": 23, "question": 174, "answer": "Mable Pines", "is_correct": false}}, {"model": "quiz.quizanswer", "pk": 683, "fields": {"quiz": 23, "question": 174, "answer": "Jason Pines", "is_correct": false}}, {"model": "quiz.quizanswer", "pk": 684, "fields": {"quiz": 23, "question": 174, "answer": "Mark Pines", "is_correct": false}}, {"model": "quiz.quizanswer", "pk": 685, "fields": {"quiz": 23, "question": 175, "answer": "Hippocampus", "is_correct": true}}, {"model": "quiz.quizanswer", "pk": 686, "fields": {"quiz": 23, "question": 175, "answer": "Cerebellum", "is_correct": false}}, {"model": "quiz.quizanswer", "pk": 687, "fields": {"quiz": 23, "question": 175, "answer": "Thalamus", "is_correct": false}}, {"model": "quiz.quizanswer", "pk": 688, "fields": {"quiz": 23, "question": 175, "answer": "Amygdala", "is_correct": false}}, {"model": "quiz.quizanswer", "pk": 689, "fields": {"quiz": 24, "question": 176, "answer": "German", "is_correct": true}}, {"model": "quiz.quizanswer", "pk": 690, "fields": {"quiz": 24, "question": 176, "answer": "American", "is_correct": false}}, {"model": "quiz.quizanswer", "pk": 691, "fields": {"quiz": 24, "question": 176, "answer": "British", "is_correct": false}}, {"model": "quiz.quizanswer", "pk": 692, "fields": {"quiz": 24, "question": 176, "answer": "Polish", "is_correct": false}}, {"model": "quiz.quizanswer", "pk": 693, "fields": {"quiz": 24, "question": 177, "answer": "The Red Baron", "is_correct": true}}, {"model": "quiz.quizanswer", "pk": 694, "fields": {"quiz": 24, "question": 177, "answer": "The High Flying Ace", "is_correct": false}}, {"model": "quiz.quizanswer", "pk": 695, "fields": {"quiz": 24, "question": 177, "answer": "The Blue Serpent ", "is_correct": false}}, {"model": "quiz.quizanswer", "pk": 696, "fields": {"quiz": 24, "question": 177, "answer": "The Germany Gunner", "is_correct": false}}, {"model": "quiz.quizanswer", "pk": 697, "fields": {"quiz": 24, "question": 178, "answer": "Golden State Warriors", "is_correct": true}}, {"model": "quiz.quizanswer", "pk": 698, "fields": {"quiz": 24, "question": 178, "answer": "Cleveland Cavaliers", "is_correct": false}}, {"model": "quiz.quizanswer", "pk": 699, "fields": {"quiz": 24, "question": 178, "answer": "Houston Rockets", "is_correct": false}}, {"model": "quiz.quizanswer", "pk": 700, "fields": {"quiz": 24, "question": 178, "answer": "Atlanta Hawks", "is_correct": false}}, {"model": "quiz.quizanswer", "pk": 701, "fields": {"quiz": 24, "question": 179, "answer": "Naruto", "is_correct": true}}, {"model": "quiz.quizanswer", "pk": 702, "fields": {"quiz": 24, "question": 179, "answer": "Ten Ten", "is_correct": false}}, {"model": "quiz.quizanswer", "pk": 703, "fields": {"quiz": 24, "question": 179, "answer": "Sasuke", "is_correct": false}}, {"model": "quiz.quizanswer", "pk": 704, "fields": {"quiz": 24, "question": 179, "answer": "Kakashi", "is_correct": false}}, {"model": "quiz.quizanswer", "pk": 705, "fields": {"quiz": 24, "question": 180, "answer": "Daredevil", "is_correct": true}}, {"model": "quiz.quizanswer", "pk": 706, "fields": {"quiz": 24, "question": 180, "answer": "Thor", "is_correct": false}}, {"model": "quiz.quizanswer", "pk": 707, "fields": {"quiz": 24, "question": 180, "answer": "Wolverine", "is_correct": false}}, {"model": "quiz.quizanswer", "pk": 708, "fields": {"quiz": 24, "question": 180, "answer": "Hulk", "is_correct": false}}, {"model": "quiz.quizanswer", "pk": 709, "fields": {"quiz": 24, "question": 181, "answer": "Gainax", "is_correct": true}}, {"model": "quiz.quizanswer", "pk": 710, "fields": {"quiz": 24, "question": 181, "answer": "Kyoto Animation", "is_correct": false}}, {"model": "quiz.quizanswer", "pk": 711, "fields": {"quiz": 24, "question": 181, "answer": "Pierrot", "is_correct": false}}, {"model": "quiz.quizanswer", "pk": 712, "fields": {"quiz": 24, "question": 181, "answer": "A-1 Pictures", "is_correct": false}}, {"model": "quiz.quizanswer", "pk": 713, "fields": {"quiz": 24, "question": 182, "answer": "Gopher", "is_correct": true}}, {"model": "quiz.quizanswer", "pk": 714, "fields": {"quiz": 24, "question": 182, "answer": "Tigger", "is_correct": false}}, {"model": "quiz.quizanswer", "pk": 715, "fields": {"quiz": 24, "question": 182, "answer": "Heffalumps", "is_correct": false}}, {"model": "quiz.quizanswer", "pk": 716, "fields": {"quiz": 24, "question": 182, "answer": "Rabbit", "is_correct": false}}, {"model": "quiz.quizanswer", "pk": 717, "fields": {"quiz": 24, "question": 183, "answer": "Knee", "is_correct": true}}, {"model": "quiz.quizanswer", "pk": 718, "fields": {"quiz": 24, "question": 183, "answer": "Elbow", "is_correct": false}}, {"model": "quiz.quizanswer", "pk": 719, "fields": {"quiz": 24, "question": 183, "answer": "Ankle", "is_correct": false}}, {"model": "quiz.quizanswer", "pk": 720, "fields": {"quiz": 24, "question": 183, "answer": "Shoulder", "is_correct": false}}, {"model": "quiz.quizanswer", "pk": 721, "fields": {"quiz": 24, "question": 184, "answer": "Liquid Snake", "is_correct": true}}, {"model": "quiz.quizanswer", "pk": 722, "fields": {"quiz": 24, "question": 184, "answer": "Kulus Snake", "is_correct": false}}, {"model": "quiz.quizanswer", "pk": 723, "fields": {"quiz": 24, "question": 184, "answer": "Billy Snake", "is_correct": false}}, {"model": "quiz.quizanswer", "pk": 724, "fields": {"quiz": 24, "question": 184, "answer": "Gilur Snake", "is_correct": false}}, {"model": "quiz.quizanswer", "pk": 725, "fields": {"quiz": 24, "question": 185, "answer": "Ford Falcon", "is_correct": true}}, {"model": "quiz.quizanswer", "pk": 726, "fields": {"quiz": 24, "question": 185, "answer": "Holden Monaro", "is_correct": false}}, {"model": "quiz.quizanswer", "pk": 727, "fields": {"quiz": 24, "question": 185, "answer": "Chrysler Valiant Charger", "is_correct": false}}, {"model": "quiz.quizanswer", "pk": 728, "fields": {"quiz": 24, "question": 185, "answer": "Pontiac Firebird", "is_correct": false}}, {"model": "quiz.quizanswer", "pk": 729, "fields": {"quiz": 25, "question": 186, "answer": "Lee Everett", "is_correct": true}}, {"model": "quiz.quizanswer", "pk": 730, "fields": {"quiz": 25, "question": 186, "answer": "Clementine", "is_correct": false}}, {"model": "quiz.quizanswer", "pk": 731, "fields": {"quiz": 25, "question": 186, "answer": "Kenny", "is_correct": false}}, {"model": "quiz.quizanswer", "pk": 732, "fields": {"quiz": 25, "question": 186, "answer": "Rick Grimes", "is_correct": false}}, {"model": "quiz.quizanswer", "pk": 733, "fields": {"quiz": 25, "question": 187, "answer": "Spanish", "is_correct": true}}, {"model": "quiz.quizanswer", "pk": 734, "fields": {"quiz": 25, "question": 187, "answer": "English", "is_correct": false}}, {"model": "quiz.quizanswer", "pk": 735, "fields": {"quiz": 25, "question": 187, "answer": "Portuguese", "is_correct": false}}, {"model": "quiz.quizanswer", "pk": 736, "fields": {"quiz": 25, "question": 187, "answer": "Creole", "is_correct": false}}, {"model": "quiz.quizanswer", "pk": 737, "fields": {"quiz": 25, "question": 188, "answer": "Hexidecimal", "is_correct": true}}, {"model": "quiz.quizanswer", "pk": 738, "fields": {"quiz": 25, "question": 188, "answer": "Binary", "is_correct": false}}, {"model": "quiz.quizanswer", "pk": 739, "fields": {"quiz": 25, "question": 188, "answer": "Duodecimal", "is_correct": false}}, {"model": "quiz.quizanswer", "pk": 740, "fields": {"quiz": 25, "question": 188, "answer": "Octal", "is_correct": false}}, {"model": "quiz.quizanswer", "pk": 741, "fields": {"quiz": 25, "question": 189, "answer": "Georges Seurat", "is_correct": true}}, {"model": "quiz.quizanswer", "pk": 742, "fields": {"quiz": 25, "question": 189, "answer": "Paul C&eacute;zanne", "is_correct": false}}, {"model": "quiz.quizanswer", "pk": 743, "fields": {"quiz": 25, "question": 189, "answer": "Vincent Van Gogh", "is_correct": false}}, {"model": "quiz.quizanswer", "pk": 744, "fields": {"quiz": 25, "question": 189, "answer": "Henri Rousseau", "is_correct": false}}, {"model": "quiz.quizanswer", "pk": 745, "fields": {"quiz": 25, "question": 190, "answer": "Stack", "is_correct": true}}, {"model": "quiz.quizanswer", "pk": 746, "fields": {"quiz": 25, "question": 190, "answer": "Queue", "is_correct": false}}, {"model": "quiz.quizanswer", "pk": 747, "fields": {"quiz": 25, "question": 190, "answer": "Heap", "is_correct": false}}, {"model": "quiz.quizanswer", "pk": 748, "fields": {"quiz": 25, "question": 190, "answer": "Tree", "is_correct": false}}, {"model": "quiz.quizanswer", "pk": 749, "fields": {"quiz": 25, "question": 191, "answer": "2002", "is_correct": true}}, {"model": "quiz.quizanswer", "pk": 750, "fields": {"quiz": 25, "question": 191, "answer": "2003", "is_correct": false}}, {"model": "quiz.quizanswer", "pk": 751, "fields": {"quiz": 25, "question": 191, "answer": "2000", "is_correct": false}}, {"model": "quiz.quizanswer", "pk": 752, "fields": {"quiz": 25, "question": 191, "answer": "2004", "is_correct": false}}, {"model": "quiz.quizanswer", "pk": 753, "fields": {"quiz": 25, "question": 192, "answer": "Purple", "is_correct": true}}, {"model": "quiz.quizanswer", "pk": 754, "fields": {"quiz": 25, "question": 192, "answer": "Red", "is_correct": false}}, {"model": "quiz.quizanswer", "pk": 755, "fields": {"quiz": 25, "question": 192, "answer": "Brown", "is_correct": false}}, {"model": "quiz.quizanswer", "pk": 756, "fields": {"quiz": 25, "question": 192, "answer": "Pink", "is_correct": false}}, {"model": "quiz.quizanswer", "pk": 757, "fields": {"quiz": 25, "question": 193, "answer": "de_season", "is_correct": true}}, {"model": "quiz.quizanswer", "pk": 758, "fields": {"quiz": 25, "question": 193, "answer": "de_sugarcane", "is_correct": false}}, {"model": "quiz.quizanswer", "pk": 759, "fields": {"quiz": 25, "question": 193, "answer": "de_canals", "is_correct": false}}, {"model": "quiz.quizanswer", "pk": 760, "fields": {"quiz": 25, "question": 193, "answer": "de_militia", "is_correct": false}}, {"model": "quiz.quizanswer", "pk": 761, "fields": {"quiz": 25, "question": 194, "answer": "Michigan", "is_correct": true}}, {"model": "quiz.quizanswer", "pk": 762, "fields": {"quiz": 25, "question": 194, "answer": "Pennsylvania", "is_correct": false}}, {"model": "quiz.quizanswer", "pk": 763, "fields": {"quiz": 25, "question": 194, "answer": "Kentucky", "is_correct": false}}, {"model": "quiz.quizanswer", "pk": 764, "fields": {"quiz": 25, "question": 194, "answer": "Virginia", "is_correct": false}}, {"model": "quiz.quizanswer", "pk": 765, "fields": {"quiz": 25, "question": 195, "answer": "Mariner 4", "is_correct": true}}, {"model": "quiz.quizanswer", "pk": 766, "fields": {"quiz": 25, "question": 195, "answer": "Apollo 11", "is_correct": false}}, {"model": "quiz.quizanswer", "pk": 767, "fields": {"quiz": 25, "question": 195, "answer": "Luna 2", "is_correct": false}}, {"model": "quiz.quizanswer", "pk": 768, "fields": {"quiz": 25, "question": 195, "answer": "SMART-1", "is_correct": false}}, {"model": "quiz.quizattemptstatus", "pk": 12, "fields": {"user": 6, "quiz": 16, "status": "I", "current_index": 10, "time_taken": 89}}, {"model": "quiz.quizattemptstatus", "pk": 13, "fields": {"user": 6, "quiz": 17, "status": "I", "current_index": 10, "time_taken": 99}}, {"model": "quiz.quizattemptstatus", "pk": 14, "fields": {"user": 6, "quiz": 18, "status": "C", "current_index": 10, "time_taken": 101}}, {"model": "quiz.quizattemptstatus", "pk": 15, "fields": {"user": 6, "quiz": 19, "status": "C", "current_index": 10, "time_taken": 106}}, {"model": "quiz.quizattemptstatus", "pk": 16, "fields": {"user": 6, "quiz": 20, "status": "C", "current_index": 10, "time_taken": 89}}, {"model": "quiz.quizattemptstatus", "pk": 17, "fields": {"user": 6, "quiz": 21, "status": "C", "current_index": 10, "time_taken": 60}}, {"model": "quiz.quizattemptstatus", "pk": 18, "fields": {"user": 6, "quiz": 22, "status": "C", "current_index": 10, "time_taken": 62}}, {"model": "quiz.quizattemptstatus", "pk": 19, "fields": {"user": 6, "quiz": 23, "status": "C", "current_index": 10, "time_taken": 87}}, {"model": "quiz.quizattemptstatus", "pk": 20, "fields": {"user": 6, "quiz": 24, "status": "C", "current_index": 10, "time_taken": 656}}, {"model": "quiz.quizattemptstatus", "pk": 21, "fields": {"user": 7, "quiz": 23, "status": "C", "current_index": 10, "time_taken": 123}}, {"model": "quiz.quizattemptstatus", "pk": 22, "fields": {"user": 7, "quiz": 24, "status": "C", "current_index": 10, "time_taken": 71}}, {"model": "quiz.quizattemptstatus", "pk": 23, "fields": {"user": 7, "quiz": 21, "status": "C", "current_index": 10, "time_taken": 78}}, {"model": "quiz.quizattemptstatus", "pk": 24, "fields": {"user": 7, "quiz": 20, "status": "C", "current_index": 10, "time_taken": 59}}, {"model": "quiz.quizattemptstatus", "pk": 25, "fields": {"user": 7, "quiz": 25, "status": "C", "current_index": 10, "time_taken": 75}}, {"model": "quiz.quizattemptstatus", "pk": 26, "fields": {"user": 7, "quiz": 22, "status": "C", "current_index": 10, "time_taken": 1546}}, {"model": "quiz.answerstatus", "pk": 1, "fields": {"attempt": 13, "question": 98, "answer": 371, "correctness": false}}, {"model": "quiz.answerstatus", "pk": 2, "fields": {"attempt": 16, "question": 136, "answer": 529, "correctness": false}}, {"model": "quiz.answerstatus", "pk": 3, "fields": {"attempt": 16, "question": 137, "answer": 536, "correctness": false}}, {"model": "quiz.answerstatus", "pk": 4, "fields": {"attempt": 16, "question": 138, "answer": 537, "correctness": false}}, {"model": "quiz.answerstatus", "pk": 5, "fields": {"attempt": 16, "question": 139, "answer": 544, "correctness": false}}, {"model": "quiz.answerstatus", "pk": 6, "fields": {"attempt": 16, "question": 140, "answer": 546, "correctness": false}}, {"model": "quiz.answerstatus", "pk": 7, "fields": {"attempt": 16, "question": 141, "answer": 549, "correctness": false}}, {"model": "quiz.answerstatus", "pk": 8, "fields": {"attempt": 16, "question": 142, "answer": 553, "correctness": false}}, {"model": "quiz.answerstatus", "pk": 9, "fields": {"attempt": 16, "question": 143, "answer": 557, "correctness": false}}, {"model": "quiz.answerstatus", "pk": 10, "fields": {"attempt": 16, "question": 144, "answer": 561, "correctness": false}}, {"model": "quiz.answerstatus", "pk": 11, "fields": {"attempt": 16, "question": 145, "answer": 567, "correctness": false}}, {"model": "quiz.answerstatus", "pk": 12, "fields": {"attempt": 17, "question": 146, "answer": 569, "correctness": true}}, {"model": "quiz.answerstatus", "pk": 13, "fields": {"attempt": 17, "question": 147, "answer": 575, "correctness": false}}, {"model": "quiz.answerstatus", "pk": 14, "fields": {"attempt": 17, "question": 148, "answer": 577, "correctness": true}}, {"model": "quiz.answerstatus", "pk": 15, "fields": {"attempt": 17, "question": 149, "answer": 582, "correctness": false}}, {"model": "quiz.answerstatus", "pk": 16, "fields": {"attempt": 17, "question": 150, "answer": 585, "correctness": true}}, {"model": "quiz.answerstatus", "pk": 17, "fields": {"attempt": 17, "question": 151, "answer": 589, "correctness": true}}, {"model": "quiz.answerstatus", "pk": 18, "fields": {"attempt": 17, "question": 152, "answer": 594, "correctness": false}}, {"model": "quiz.answerstatus", "pk": 19, "fields": {"attempt": 17, "question": 153, "answer": 599, "correctness": false}}, {"model": "quiz.answerstatus", "pk": 20, "fields": {"attempt": 17, "question": 154, "answer": 603, "correctness": false}}, {"model": "quiz.answerstatus", "pk": 21, "fields": {"attempt": 17, "question": 155, "answer": 607, "correctness": false}}, {"model": "quiz.answerstatus", "pk": 22, "fields": {"attempt": 18, "question": 156, "answer": 609, "correctness": true}}, {"model": "quiz.answerstatus", "pk": 23, "fields": {"attempt": 18, "question": 157, "answer": 613, "correctness": true}}, {"model": "quiz.answerstatus", "pk": 24, "fields": {"attempt": 18, "question": 158, "answer": 618, "correctness": false}}, {"model": "quiz.answerstatus", "pk": 25, "fields": {"attempt": 18, "question": 159, "answer": 621, "correctness": true}}, {"model": "quiz.answerstatus", "pk": 26, "fields": {"attempt": 18, "question": 160, "answer": 627, "correctness": false}}, {"model": "quiz.answerstatus", "pk": 27, "fields": {"attempt": 18, "question": 161, "answer": 630, "correctness": false}}, {"model": "quiz.answerstatus", "pk": 28, "fields": {"attempt": 18, "question": 162, "answer": 634, "correctness": false}}, {"model": "quiz.answerstatus", "pk": 29, "fields": {"attempt": 18, "question": 163, "answer": 637, "correctness": true}}, {"model": "quiz.answerstatus", "pk": 30, "fields": {"attempt": 18, "question": 164, "answer": 641, "correctness": true}}, {"model": "quiz.answerstatus", "pk": 31, "fields": {"attempt": 18, "question": 165, "answer": 645, "correctness": true}}, {"model": "quiz.answerstatus", "pk": 32, "fields": {"attempt": 19, "question": 166, "answer": 651, "correctness": false}}, {"model": "quiz.answerstatus", "pk": 33, "fields": {"attempt": 19, "question": 167, "answer": 653, "correctness": true}}, {"model": "quiz.answerstatus", "pk": 34, "fields": {"attempt": 19, "question": 168, "answer": 657, "correctness": true}}, {"model": "quiz.answerstatus", "pk": 35, "fields": {"attempt": 19, "question": 169, "answer": 664, "correctness": false}}, {"model": "quiz.answerstatus", "pk": 36, "fields": {"attempt": 19, "question": 170, "answer": 665, "correctness": true}}, {"model": "quiz.answerstatus", "pk": 37, "fields": {"attempt": 19, "question": 171, "answer": 670, "correctness": false}}, {"model": "quiz.answerstatus", "pk": 38, "fields": {"attempt": 19, "question": 172, "answer": 675, "correctness": false}}, {"model": "quiz.answerstatus", "pk": 39, "fields": {"attempt": 19, "question": 173, "answer": 677, "correctness": true}}, {"model": "quiz.answerstatus", "pk": 40, "fields": {"attempt": 19, "question": 174, "answer": 682, "correctness": false}}, {"model": "quiz.answerstatus", "pk": 41, "fields": {"attempt": 19, "question": 175, "answer": 685, "correctness": true}}, {"model": "quiz.answerstatus", "pk": 42, "fields": {"attempt": 20, "question": 176, "answer": 689, "correctness": true}}, {"model": "quiz.answerstatus", "pk": 43, "fields": {"attempt": 20, "question": 177, "answer": 694, "correctness": false}}, {"model": "quiz.answerstatus", "pk": 44, "fields": {"attempt": 20, "question": 178, "answer": 697, "correctness": true}}, {"model": "quiz.answerstatus", "pk": 45, "fields": {"attempt": 20, "question": 179, "answer": 701, "correctness": true}}, {"model": "quiz.answerstatus", "pk": 46, "fields": {"attempt": 20, "question": 180, "answer": 705, "correctness": true}}, {"model": "quiz.answerstatus", "pk": 47, "fields": {"attempt": 20, "question": 181, "answer": 710, "correctness": false}}, {"model": "quiz.answerstatus", "pk": 48, "fields": {"attempt": 20, "question": 182, "answer": 715, "correctness": false}}, {"model": "quiz.answerstatus", "pk": 49, "fields": {"attempt": 20, "question": 183, "answer": 717, "correctness": true}}, {"model": "quiz.answerstatus", "pk": 50, "fields": {"attempt": 20, "question": 184, "answer": 724, "correctness": false}}, {"model": "quiz.answerstatus", "pk": 51, "fields": {"attempt": 20, "question": 185, "answer": 727, "correctness": false}}, {"model": "quiz.answerstatus", "pk": 52, "fields": {"attempt": 21, "question": 166, "answer": 649, "correctness": true}}, {"model": "quiz.answerstatus", "pk": 53, "fields": {"attempt": 21, "question": 167, "answer": 654, "correctness": false}}, {"model": "quiz.answerstatus", "pk": 54, "fields": {"attempt": 21, "question": 168, "answer": 657, "correctness": true}}, {"model": "quiz.answerstatus", "pk": 55, "fields": {"attempt": 21, "question": 169, "answer": 661, "correctness": true}}, {"model": "quiz.answerstatus", "pk": 56, "fields": {"attempt": 21, "question": 170, "answer": 665, "correctness": true}}, {"model": "quiz.answerstatus", "pk": 57, "fields": {"attempt": 21, "question": 171, "answer": 669, "correctness": true}}, {"model": "quiz.answerstatus", "pk": 58, "fields": {"attempt": 21, "question": 172, "answer": 673, "correctness": true}}, {"model": "quiz.answerstatus", "pk": 59, "fields": {"attempt": 21, "question": 173, "answer": 677, "correctness": true}}, {"model": "quiz.answerstatus", "pk": 60, "fields": {"attempt": 21, "question": 174, "answer": 681, "correctness": true}}, {"model": "quiz.answerstatus", "pk": 61, "fields": {"attempt": 21, "question": 175, "answer": 685, "correctness": true}}, {"model": "quiz.answerstatus", "pk": 62, "fields": {"attempt": 22, "question": 176, "answer": 691, "correctness": false}}, {"model": "quiz.answerstatus", "pk": 63, "fields": {"attempt": 22, "question": 177, "answer": 693, "correctness": true}}, {"model": "quiz.answerstatus", "pk": 64, "fields": {"attempt": 22, "question": 178, "answer": 697, "correctness": true}}, {"model": "quiz.answerstatus", "pk": 65, "fields": {"attempt": 22, "question": 179, "answer": 701, "correctness": true}}, {"model": "quiz.answerstatus", "pk": 66, "fields": {"attempt": 22, "question": 180, "answer": 705, "correctness": true}}, {"model": "quiz.answerstatus", "pk": 67, "fields": {"attempt": 22, "question": 181, "answer": 709, "correctness": true}}, {"model": "quiz.answerstatus", "pk": 68, "fields": {"attempt": 22, "question": 182, "answer": 713, "correctness": true}}, {"model": "quiz.answerstatus", "pk": 69, "fields": {"attempt": 22, "question": 183, "answer": 717, "correctness": true}}, {"model": "quiz.answerstatus", "pk": 70, "fields": {"attempt": 22, "question": 184, "answer": 721, "correctness": true}}, {"model": "quiz.answerstatus", "pk": 71, "fields": {"attempt": 22, "question": 185, "answer": 725, "correctness": true}}, {"model": "quiz.answerstatus", "pk": 72, "fields": {"attempt": 23, "question": 146, "answer": 569, "correctness": true}}, {"model": "quiz.answerstatus", "pk": 73, "fields": {"attempt": 23, "question": 147, "answer": 573, "correctness": true}}, {"model": "quiz.answerstatus", "pk": 74, "fields": {"attempt": 23, "question": 148, "answer": 577, "correctness": true}}, {"model": "quiz.answerstatus", "pk": 75, "fields": {"attempt": 23, "question": 149, "answer": 581, "correctness": true}}, {"model": "quiz.answerstatus", "pk": 76, "fields": {"attempt": 23, "question": 150, "answer": 585, "correctness": true}}, {"model": "quiz.answerstatus", "pk": 77, "fields": {"attempt": 23, "question": 151, "answer": 589, "correctness": true}}, {"model": "quiz.answerstatus", "pk": 78, "fields": {"attempt": 23, "question": 152, "answer": 596, "correctness": false}}, {"model": "quiz.answerstatus", "pk": 79, "fields": {"attempt": 23, "question": 153, "answer": 597, "correctness": true}}, {"model": "quiz.answerstatus", "pk": 80, "fields": {"attempt": 23, "question": 154, "answer": 601, "correctness": true}}, {"model": "quiz.answerstatus", "pk": 81, "fields": {"attempt": 23, "question": 155, "answer": 605, "correctness": true}}, {"model": "quiz.answerstatus", "pk": 82, "fields": {"attempt": 24, "question": 136, "answer": 529, "correctness": true}}, {"model": "quiz.answerstatus", "pk": 83, "fields": {"attempt": 24, "question": 137, "answer": 533, "correctness": true}}, {"model": "quiz.answerstatus", "pk": 84, "fields": {"attempt": 24, "question": 138, "answer": 537, "correctness": true}}, {"model": "quiz.answerstatus", "pk": 85, "fields": {"attempt": 24, "question": 139, "answer": 541, "correctness": true}}, {"model": "quiz.answerstatus", "pk": 86, "fields": {"attempt": 24, "question": 140, "answer": 547, "correctness": false}}, {"model": "quiz.answerstatus", "pk": 87, "fields": {"attempt": 24, "question": 141, "answer": 549, "correctness": true}}, {"model": "quiz.answerstatus", "pk": 88, "fields": {"attempt": 24, "question": 142, "answer": 553, "correctness": true}}, {"model": "quiz.answerstatus", "pk": 89, "fields": {"attempt": 24, "question": 143, "answer": 557, "correctness": true}}, {"model": "quiz.answerstatus", "pk": 90, "fields": {"attempt": 24, "question": 144, "answer": 563, "correctness": false}}, {"model": "quiz.answerstatus", "pk": 91, "fields": {"attempt": 24, "question": 145, "answer": 566, "correctness": false}}, {"model": "quiz.answerstatus", "pk": 92, "fields": {"attempt": 25, "question": 186, "answer": 729, "correctness": true}}, {"model": "quiz.answerstatus", "pk": 93, "fields": {"attempt": 25, "question": 187, "answer": 733, "correctness": true}}, {"model": "quiz.answerstatus", "pk": 94, "fields": {"attempt": 25, "question": 188, "answer": 737, "correctness": true}}, {"model": "quiz.answerstatus", "pk": 95, "fields": {"attempt": 25, "question": 189, "answer": 742, "correctness": false}}, {"model": "quiz.answerstatus", "pk": 96, "fields": {"attempt": 25, "question": 190, "answer": 745, "correctness": true}}, {"model": "quiz.answerstatus", "pk": 97, "fields": {"attempt": 25, "question": 191, "answer": 751, "correctness": false}}, {"model": "quiz.answerstatus", "pk": 98, "fields": {"attempt": 25, "question": 192, "answer": 755, "correctness": false}}, {"model": "quiz.answerstatus", "pk": 99, "fields": {"attempt": 25, "question": 193, "answer": 757, "correctness": true}}, {"model": "quiz.answerstatus", "pk": 100, "fields": {"attempt": 25, "question": 194, "answer": 764, "correctness": false}}, {"model": "quiz.answerstatus", "pk": 101, "fields": {"attempt": 25, "question": 195, "answer": 768, "correctness": false}}, {"model": "quiz.answerstatus", "pk": 102, "fields": {"attempt": 26, "question": 156, "answer": 609, "correctness": true}}, {"model": "quiz.answerstatus", "pk": 103, "fields": {"attempt": 26, "question": 157, "answer": 613, "correctness": true}}, {"model": "quiz.answerstatus", "pk": 104, "fields": {"attempt": 26, "question": 158, "answer": 617, "correctness": true}}, {"model": "quiz.answerstatus", "pk": 105, "fields": {"attempt": 26, "question": 159, "answer": 621, "correctness": true}}, {"model": "quiz.answerstatus", "pk": 106, "fields": {"attempt": 26, "question": 160, "answer": 625, "correctness": true}}, {"model": "quiz.answerstatus", "pk": 107, "fields": {"attempt": 26, "question": 161, "answer": 632, "correctness": false}}, {"model": "quiz.answerstatus", "pk": 108, "fields": {"attempt": 26, "question": 162, "answer": 633, "correctness": true}}, {"model": "quiz.answerstatus", "pk": 109, "fields": {"attempt": 26, "question": 163, "answer": 639, "correctness": false}}, {"model": "quiz.answerstatus", "pk": 110, "fields": {"attempt": 26, "question": 164, "answer": 641, "correctness": true}}, {"model": "quiz.answerstatus", "pk": 111, "fields": {"attempt": 26, "question": 165, "answer": 645, "correctness": true}}]