[{"model": "admin.logentry", "pk": 6, "fields": {"action_time": "2021-05-28T17:25:21.059Z", "user": 5, "content_type": 6, "object_id": "3", "object_repr": "MVM", "action_flag": 1, "change_message": "[{\"added\": {}}]"}}, {"model": "admin.logentry", "pk": 7, "fields": {"action_time": "2021-05-28T17:25:30.073Z", "user": 5, "content_type": 6, "object_id": "4", "object_repr": "Chettinad", "action_flag": 1, "change_message": "[{\"added\": {}}]"}}, {"model": "admin.logentry", "pk": 8, "fields": {"action_time": "2021-05-28T17:25:43.396Z", "user": 5, "content_type": 6, "object_id": "5", "object_repr": "BVM", "action_flag": 1, "change_message": "[{\"added\": {}}]"}}, {"model": "admin.logentry", "pk": 9, "fields": {"action_time": "2021-05-28T17:26:13.300Z", "user": 5, "content_type": 6, "object_id": "6", "object_repr": "SSM", "action_flag": 1, "change_message": "[{\"added\": {}}]"}}, {"model": "admin.logentry", "pk": 10, "fields": {"action_time": "2021-05-30T15:43:27.909Z", "user": 5, "content_type": 8, "object_id": "3", "object_repr": "test2", "action_flag": 3, "change_message": ""}}, {"model": "admin.logentry", "pk": 11, "fields": {"action_time": "2021-05-30T16:50:32.884Z", "user": 5, "content_type": 8, "object_id": "7", "object_repr": "test6", "action_flag": 3, "change_message": ""}}, {"model": "admin.logentry", "pk": 12, "fields": {"action_time": "2021-05-30T16:50:33.152Z", "user": 5, "content_type": 8, "object_id": "6", "object_repr": "test5", "action_flag": 3, "change_message": ""}}, {"model": "admin.logentry", "pk": 13, "fields": {"action_time": "2021-05-30T16:50:33.355Z", "user": 5, "content_type": 8, "object_id": "5", "object_repr": "test4", "action_flag": 3, "change_message": ""}}, {"model": "admin.logentry", "pk": 14, "fields": {"action_time": "2021-05-30T16:50:33.789Z", "user": 5, "content_type": 8, "object_id": "4", "object_repr": "test3", "action_flag": 3, "change_message": ""}}, {"model": "admin.logentry", "pk": 15, "fields": {"action_time": "2021-05-30T16:50:33.971Z", "user": 5, "content_type": 8, "object_id": "1", "object_repr": "testQuiz", "action_flag": 3, "change_message": ""}}, {"model": "admin.logentry", "pk": 16, "fields": {"action_time": "2021-05-30T17:20:33.480Z", "user": 5, "content_type": 8, "object_id": "9", "object_repr": "general2", "action_flag": 3, "change_message": ""}}, {"model": "admin.logentry", "pk": 17, "fields": {"action_time": "2021-05-30T17:20:33.553Z", "user": 5, "content_type": 8, "object_id": "8", "object_repr": "general1", "action_flag": 3, "change_message": ""}}, {"model": "admin.logentry", "pk": 18, "fields": {"action_time": "2021-05-30T17:25:57.668Z", "user": 5, "content_type": 8, "object_id": "12", "object_repr": "general3", "action_flag": 3, "change_message": ""}}, {"model": "admin.logentry", "pk": 19, "fields": {"action_time": "2021-05-30T17:25:57.885Z", "user": 5, "content_type": 8, "object_id": "11", "object_repr": "general2", "action_flag": 3, "change_message": ""}}, {"model": "admin.logentry", "pk": 20, "fields": {"action_time": "2021-05-30T17:25:58.084Z", "user": 5, "content_type": 8, "object_id": "10", "object_repr": "general1", "action_flag": 3, "change_message": ""}}, {"model": "admin.logentry", "pk": 21, "fields": {"action_time": "2021-05-30T19:54:48.466Z", "user": 5, "content_type": 8, "object_id": "15", "object_repr": "general3", "action_flag": 3, "change_message": ""}}, {"model": "admin.logentry", "pk": 22, "fields": {"action_time": "2021-05-30T19:54:48.842Z", "user": 5, "content_type": 8, "object_id": "14", "object_repr": "general2", "action_flag": 3, "change_message": ""}}, {"model": "admin.logentry", "pk": 23, "fields": {"action_time": "2021-05-30T19:54:48.988Z", "user": 5, "content_type": 8, "object_id": "13", "object_repr": "general1", "action_flag": 3, "change_message": ""}}, {"model": "auth.permission", "pk": 1, "fields": {"name": "Can add log entry", "content_type": 1, "codename": "add_logentry"}}, {"model": "auth.permission", "pk": 2, "fields": {"name": "Can change log entry", "content_type": 1, "codename": "change_logentry"}}, {"model": "auth.permission", "pk": 3, "fields": {"name": "Can delete log entry", "content_type": 1, "codename": "delete_logentry"}}, {"model": "auth.permission", "pk": 4, "fields": {"name": "Can view log entry", "content_type": 1, "codename": "view_logentry"}}, {"model": "auth.permission", "pk": 5, "fields": {"name": "Can add permission", "content_type": 2, "codename": "add_permission"}}, {"model": "auth.permission", "pk": 6, "fields": {"name": "Can change permission", "content_type": 2, "codename": "change_permission"}}, {"model": "auth.permission", "pk": 7, "fields": {"name": "Can delete permission", "content_type": 2, "codename": "delete_permission"}}, {"model": "auth.permission", "pk": 8, "fields": {"name": "Can view permission", "content_type": 2, "codename": "view_permission"}}, {"model": "auth.permission", "pk": 9, "fields": {"name": "Can add group", "content_type": 3, "codename": "add_group"}}, {"model": "auth.permission", "pk": 10, "fields": {"name": "Can change group", "content_type": 3, "codename": "change_group"}}, {"model": "auth.permission", "pk": 11, "fields": {"name": "Can delete group", "content_type": 3, "codename": "delete_group"}}, {"model": "auth.permission", "pk": 12, "fields": {"name": "Can view group", "content_type": 3, "codename": "view_group"}}, {"model": "auth.permission", "pk": 13, "fields": {"name": "Can add content type", "content_type": 4, "codename": "add_contenttype"}}, {"model": "auth.permission", "pk": 14, "fields": {"name": "Can change content type", "content_type": 4, "codename": "change_contenttype"}}, {"model": "auth.permission", "pk": 15, "fields": {"name": "Can delete content type", "content_type": 4, "codename": "delete_contenttype"}}, {"model": "auth.permission", "pk": 16, "fields": {"name": "Can view content type", "content_type": 4, "codename": "view_contenttype"}}, {"model": "auth.permission", "pk": 17, "fields": {"name": "Can add session", "content_type": 5, "codename": "add_session"}}, {"model": "auth.permission", "pk": 18, "fields": {"name": "Can change session", "content_type": 5, "codename": "change_session"}}, {"model": "auth.permission", "pk": 19, "fields": {"name": "Can delete session", "content_type": 5, "codename": "delete_session"}}, {"model": "auth.permission", "pk": 20, "fields": {"name": "Can view session", "content_type": 5, "codename": "view_session"}}, {"model": "auth.permission", "pk": 21, "fields": {"name": "Can add school", "content_type": 6, "codename": "add_school"}}, {"model": "auth.permission", "pk": 22, "fields": {"name": "Can change school", "content_type": 6, "codename": "change_school"}}, {"model": "auth.permission", "pk": 23, "fields": {"name": "Can delete school", "content_type": 6, "codename": "delete_school"}}, {"model": "auth.permission", "pk": 24, "fields": {"name": "Can view school", "content_type": 6, "codename": "view_school"}}, {"model": "auth.permission", "pk": 25, "fields": {"name": "Can add user", "content_type": 7, "codename": "add_user"}}, {"model": "auth.permission", "pk": 26, "fields": {"name": "Can change user", "content_type": 7, "codename": "change_user"}}, {"model": "auth.permission", "pk": 27, "fields": {"name": "Can delete user", "content_type": 7, "codename": "delete_user"}}, {"model": "auth.permission", "pk": 28, "fields": {"name": "Can view user", "content_type": 7, "codename": "view_user"}}, {"model": "auth.permission", "pk": 29, "fields": {"name": "Can add quiz", "content_type": 8, "codename": "add_quiz"}}, {"model": "auth.permission", "pk": 30, "fields": {"name": "Can change quiz", "content_type": 8, "codename": "change_quiz"}}, {"model": "auth.permission", "pk": 31, "fields": {"name": "Can delete quiz", "content_type": 8, "codename": "delete_quiz"}}, {"model": "auth.permission", "pk": 32, "fields": {"name": "Can view quiz", "content_type": 8, "codename": "view_quiz"}}, {"model": "auth.permission", "pk": 33, "fields": {"name": "Can add quiz attempt status", "content_type": 9, "codename": "add_quizattemptstatus"}}, {"model": "auth.permission", "pk": 34, "fields": {"name": "Can change quiz attempt status", "content_type": 9, "codename": "change_quizattemptstatus"}}, {"model": "auth.permission", "pk": 35, "fields": {"name": "Can delete quiz attempt status", "content_type": 9, "codename": "delete_quizattemptstatus"}}, {"model": "auth.permission", "pk": 36, "fields": {"name": "Can view quiz attempt status", "content_type": 9, "codename": "view_quizattemptstatus"}}, {"model": "auth.permission", "pk": 37, "fields": {"name": "Can add quiz answer", "content_type": 10, "codename": "add_quizanswer"}}, {"model": "auth.permission", "pk": 38, "fields": {"name": "Can change quiz answer", "content_type": 10, "codename": "change_quizanswer"}}, {"model": "auth.permission", "pk": 39, "fields": {"name": "Can delete quiz answer", "content_type": 10, "codename": "delete_quizanswer"}}, {"model": "auth.permission", "pk": 40, "fields": {"name": "Can view quiz answer", "content_type": 10, "codename": "view_quizanswer"}}, {"model": "auth.permission", "pk": 41, "fields": {"name": "Can add answer status", "content_type": 11, "codename": "add_answerstatus"}}, {"model": "auth.permission", "pk": 42, "fields": {"name": "Can change answer status", "content_type": 11, "codename": "change_answerstatus"}}, {"model": "auth.permission", "pk": 43, "fields": {"name": "Can delete answer status", "content_type": 11, "codename": "delete_answerstatus"}}, {"model": "auth.permission", "pk": 44, "fields": {"name": "Can view answer status", "content_type": 11, "codename": "view_answerstatus"}}, {"model": "auth.permission", "pk": 45, "fields": {"name": "Can add quiz question", "content_type": 12, "codename": "add_quizquestion"}}, {"model": "auth.permission", "pk": 46, "fields": {"name": "Can change quiz question", "content_type": 12, "codename": "change_quizquestion"}}, {"model": "auth.permission", "pk": 47, "fields": {"name": "Can delete quiz question", "content_type": 12, "codename": "delete_quizquestion"}}, {"model": "auth.permission", "pk": 48, "fields": {"name": "Can view quiz question", "content_type": 12, "codename": "view_quizquestion"}}, {"model": "contenttypes.contenttype", "pk": 1, "fields": {"app_label": "admin", "model": "logentry"}}, {"model": "contenttypes.contenttype", "pk": 2, "fields": {"app_label": "auth", "model": "permission"}}, {"model": "contenttypes.contenttype", "pk": 3, "fields": {"app_label": "auth", "model": "group"}}, {"model": "contenttypes.contenttype", "pk": 4, "fields": {"app_label": "contenttypes", "model": "contenttype"}}, {"model": "contenttypes.contenttype", "pk": 5, "fields": {"app_label": "sessions", "model": "session"}}, {"model": "contenttypes.contenttype", "pk": 6, "fields": {"app_label": "user", "model": "school"}}, {"model": "contenttypes.contenttype", "pk": 7, "fields": {"app_label": "user", "model": "user"}}, {"model": "contenttypes.contenttype", "pk": 8, "fields": {"app_label": "quiz", "model": "quiz"}}, {"model": "contenttypes.contenttype", "pk": 9, "fields": {"app_label": "quiz", "model": "quizattemptstatus"}}, {"model": "contenttypes.contenttype", "pk": 10, "fields": {"app_label": "quiz", "model": "quizanswer"}}, {"model": "contenttypes.contenttype", "pk": 11, "fields": {"app_label": "quiz", "model": "answerstatus"}}, {"model": "contenttypes.contenttype", "pk": 12, "fields": {"app_label": "quiz", "model": "quizquestion"}}, {"model": "sessions.session", "pk": "7g4rdvvzm1agkzrk958fgofuw4r8w9fk", "fields": {"session_data": ".eJxVjDEOAiEQRe9CbQgICGNp7xnIwAyyaiBZdivj3XWTLbT9773_EhHXpcZ18BwnEmdhxeF3S5gf3DZAd2y3LnNvyzwluSlyp0NeO_Hzsrt_BxVH_dbKmFJAOTYl-EIOqCCy10BGQ07mqK0Hn06ZnGZA8IZIqxQyW1Ahg3h_APCQOCE:1lnSZ0:gYjdr8j5aoVqRPsB2laC-Wtx2MqXq2dNdSMTFA2rebA", "expire_date": "2021-06-13T21:01:38.939Z"}}, {"model": "sessions.session", "pk": "nadd8k5mt37851zjq7ch8ax40qu2wn60", "fields": {"session_data": ".eJxVjEEOwiAQRe_C2pAyQ6F16d4zkJkBpGpoUtqV8e7apAvd_vfef6lA21rC1tISpqjOyqnT78Ykj1R3EO9Ub7OWua7LxHpX9EGbvs4xPS-H-3dQqJVvPQITCPQOrEmd9z0IZ2FIEZFGY0Fy9CRIHYLlwUTOmNk7pEESMqv3B-zjOKQ:1lnSbe:fXBM1ZRAUsdKxSnBX2wl4aichDr4w0NBNtJn-5KqiPU", "expire_date": "2021-06-13T21:04:22.227Z"}}, {"model": "user.school", "pk": 2, "fields": {"name": "PSBB"}}, {"model": "user.school", "pk": 3, "fields": {"name": "MVM"}}, {"model": "user.school", "pk": 4, "fields": {"name": "Chettinad"}}, {"model": "user.school", "pk": 5, "fields": {"name": "BVM"}}, {"model": "user.school", "pk": 6, "fields": {"name": "SSM"}}, {"model": "user.user", "pk": 4, "fields": {"password": "pbkdf2_sha256$260000$Dts2H4axxGR7Sq28ROWtzA$6z11da69FzqAH3LEfTv7P+KRpRFdoSM46SvHUpLpYWI=", "last_login": "2021-05-30T21:01:42.200Z", "is_superuser": false, "email": "hram5441@gmail.com", "name": "HARIRAM PRAKASH", "school": 2, "is_active": true, "is_staff": false, "is_teacher": true, "groups": [], "user_permissions": []}}, {"model": "user.user", "pk": 5, "fields": {"password": "pbkdf2_sha256$260000$nqNlZwnO8vfaNHqTVlci2A$GJUBeVP0fu0cTqKX5AKTllyK3EedUipOwFnHL/14WXw=", "last_login": "2021-05-30T19:54:31.626Z", "is_superuser": true, "email": "hp5441@gmail.com", "name": null, "school": 2, "is_active": true, "is_staff": true, "is_teacher": false, "groups": [], "user_permissions": []}}, {"model": "user.user", "pk": 6, "fields": {"password": "pbkdf2_sha256$260000$5gt6kOmdcM81BjmoUxDPSG$N65WmtNgMwSsvaeALpMGxxPDr/ccWUhg+7ZlFuK5RpY=", "last_login": "2021-05-30T21:04:18.251Z", "is_superuser": false, "email": "hbo10899@gmail.com", "name": "hbo108", "school": 2, "is_active": true, "is_staff": false, "is_teacher": false, "groups": [], "user_permissions": []}}, {"model": "quiz.quiz", "pk": 16, "fields": {"name": "general1", "type": "single", "school": 2, "created": "2021-05-30T20:39:03.393Z", "completed": 0}}, {"model": "quiz.quiz", "pk": 17, "fields": {"name": "general2", "type": "single", "school": 2, "created": "2021-05-30T20:39:42.565Z", "completed": 0}}, {"model": "quiz.quiz", "pk": 18, "fields": {"name": "general3", "type": "single", "school": 2, "created": "2021-05-30T21:01:49.893Z", "completed": 1}}, {"model": "quiz.quizquestion", "pk": 96, "fields": {"quiz": 16, "statement": "According to the BBPA, what is the most common pub name in the UK?"}}, {"model": "quiz.quizquestion", "pk": 97, "fields": {"quiz": 16, "statement": "Who wrote the novel &quot;Moby-Dick&quot;?"}}, {"model": "quiz.quizquestion", "pk": 98, "fields": {"quiz": 16, "statement": "Whose signature guitar technique is called the &quot;windmill&quot;?"}}, {"model": "quiz.quizquestion", "pk": 99, "fields": {"quiz": 16, "statement": "Which Japanese company is the world&#039;s largest manufacturer of motorcycles?"}}, {"model": "quiz.quizquestion", "pk": 100, "fields": {"quiz": 16, "statement": "Which of the following Copy Abilities was only featured in &quot;Kirby &amp; The Amazing Mirror&quot;?"}}, {"model": "quiz.quizquestion", "pk": 101, "fields": {"quiz": 16, "statement": "Which team has won the most Stanley Cups in the NHL?"}}, {"model": "quiz.quizquestion", "pk": 102, "fields": {"quiz": 16, "statement": "What vulnerability ranked #1 on the OWASP Top 10 in 2013?"}}, {"model": "quiz.quizquestion", "pk": 103, "fields": {"quiz": 16, "statement": "What year was hockey legend Wayne Gretzky born?"}}, {"model": "quiz.quizquestion", "pk": 104, "fields": {"quiz": 16, "statement": "In addition to his career as an astrologer and &quot;prophet&quot;, Nostradamus published a 1555 treatise that included a section on what?"}}, {"model": "quiz.quizquestion", "pk": 105, "fields": {"quiz": 16, "statement": "Who is the main villain of the Crash Bandicoot series?"}}, {"model": "quiz.quizquestion", "pk": 106, "fields": {"quiz": 17, "statement": "Who wrote and directed the animated movie &quot;Spirited Away&quot; (2001)?"}}, {"model": "quiz.quizquestion", "pk": 107, "fields": {"quiz": 17, "statement": "According to the International System of Units, how many bytes are in a kilobyte of RAM?"}}, {"model": "quiz.quizquestion", "pk": 108, "fields": {"quiz": 17, "statement": "What is the capital of Chile?"}}, {"model": "quiz.quizquestion", "pk": 109, "fields": {"quiz": 17, "statement": "In &quot;Overwatch&quot;, what is the name of Mercy&#039;s &quot;ultimate ability&quot;?"}}, {"model": "quiz.quizquestion", "pk": 110, "fields": {"quiz": 17, "statement": "Which episode from The Amazing World Of Gumball won the Childrens Choice Award at the British Animation Awards in 2016?"}}, {"model": "quiz.quizquestion", "pk": 111, "fields": {"quiz": 17, "statement": "In Hitman: Blood Money, what is the name of the target in the mission &quot;Death of a Showman&quot;?"}}, {"model": "quiz.quizquestion", "pk": 112, "fields": {"quiz": 17, "statement": "Which company developed the Hololens?"}}, {"model": "quiz.quizquestion", "pk": 113, "fields": {"quiz": 17, "statement": "Which country gifted the Statue of Liberty to the United States of America?"}}, {"model": "quiz.quizquestion", "pk": 114, "fields": {"quiz": 17, "statement": "In &quot;Black Lagoon&quot;, what colour is Rock&#039;s tie?"}}, {"model": "quiz.quizquestion", "pk": 115, "fields": {"quiz": 17, "statement": "Which weapon that was cut from the game &quot;Half Life 2&quot; was going to replace the crowbar?"}}, {"model": "quiz.quizquestion", "pk": 116, "fields": {"quiz": 18, "statement": "Who is Sonic&#039;s sidekick?"}}, {"model": "quiz.quizquestion", "pk": 117, "fields": {"quiz": 18, "statement": "Which team won the 2015-16 English Premier League?"}}, {"model": "quiz.quizquestion", "pk": 118, "fields": {"quiz": 18, "statement": "What is the name of Finnish DJ Darude&#039;s hit single released in October 1999?"}}, {"model": "quiz.quizquestion", "pk": 119, "fields": {"quiz": 18, "statement": "In the game &quot;Overwatch,&quot; which quote does the hero &quot;McCree&quot; NOT say upon using his flashbang ability?"}}, {"model": "quiz.quizquestion", "pk": 120, "fields": {"quiz": 18, "statement": "Which of these African countries list &quot;Spanish&quot; as an official language?"}}, {"model": "quiz.quizquestion", "pk": 121, "fields": {"quiz": 18, "statement": "What is the name of Poland in Polish?"}}, {"model": "quiz.quizquestion", "pk": 122, "fields": {"quiz": 18, "statement": "What do the letters of the fast food chain KFC stand for?"}}, {"model": "quiz.quizquestion", "pk": 123, "fields": {"quiz": 18, "statement": "In the 1969 Cartoon show &quot;Dastardly and Muttley in Their Flying Machines&quot;, which were NOT one of the lyrics in the opening theme?"}}, {"model": "quiz.quizquestion", "pk": 124, "fields": {"quiz": 18, "statement": "In &quot;Pheonix Wright: Ace Attorney&quot; which character is the District Chief of Police?"}}, {"model": "quiz.quizquestion", "pk": 125, "fields": {"quiz": 18, "statement": "Which soccer player is featured on the cover of EA Sport&#039;s FIFA 18?"}}, {"model": "quiz.quizanswer", "pk": 369, "fields": {"quiz": 16, "question": 96, "answer": "Red Lion", "is_correct": true}}, {"model": "quiz.quizanswer", "pk": 370, "fields": {"quiz": 16, "question": 96, "answer": "Royal Oak", "is_correct": false}}, {"model": "quiz.quizanswer", "pk": 371, "fields": {"quiz": 16, "question": 96, "answer": "White Hart", "is_correct": false}}, {"model": "quiz.quizanswer", "pk": 372, "fields": {"quiz": 16, "question": 96, "answer": "King&#039;s Head", "is_correct": false}}, {"model": "quiz.quizanswer", "pk": 373, "fields": {"quiz": 16, "question": 97, "answer": "Herman Melville", "is_correct": true}}, {"model": "quiz.quizanswer", "pk": 374, "fields": {"quiz": 16, "question": 97, "answer": "William Golding", "is_correct": false}}, {"model": "quiz.quizanswer", "pk": 375, "fields": {"quiz": 16, "question": 97, "answer": "William Shakespeare", "is_correct": false}}, {"model": "quiz.quizanswer", "pk": 376, "fields": {"quiz": 16, "question": 97, "answer": "J. R. R. Tolkien", "is_correct": false}}, {"model": "quiz.quizanswer", "pk": 377, "fields": {"quiz": 16, "question": 98, "answer": "Pete Townshend", "is_correct": true}}, {"model": "quiz.quizanswer", "pk": 378, "fields": {"quiz": 16, "question": 98, "answer": "Jimmy Page", "is_correct": false}}, {"model": "quiz.quizanswer", "pk": 379, "fields": {"quiz": 16, "question": 98, "answer": "Eddie Van Halen", "is_correct": false}}, {"model": "quiz.quizanswer", "pk": 380, "fields": {"quiz": 16, "question": 98, "answer": "Jimi Hendrix", "is_correct": false}}, {"model": "quiz.quizanswer", "pk": 381, "fields": {"quiz": 16, "question": 99, "answer": "Honda", "is_correct": true}}, {"model": "quiz.quizanswer", "pk": 382, "fields": {"quiz": 16, "question": 99, "answer": "Yamaha", "is_correct": false}}, {"model": "quiz.quizanswer", "pk": 383, "fields": {"quiz": 16, "question": 99, "answer": "Suzuki", "is_correct": false}}, {"model": "quiz.quizanswer", "pk": 384, "fields": {"quiz": 16, "question": 99, "answer": "Kawasaki", "is_correct": false}}, {"model": "quiz.quizanswer", "pk": 385, "fields": {"quiz": 16, "question": 100, "answer": "Mini", "is_correct": true}}, {"model": "quiz.quizanswer", "pk": 386, "fields": {"quiz": 16, "question": 100, "answer": "Magic", "is_correct": false}}, {"model": "quiz.quizanswer", "pk": 387, "fields": {"quiz": 16, "question": 100, "answer": "Smash", "is_correct": false}}, {"model": "quiz.quizanswer", "pk": 388, "fields": {"quiz": 16, "question": 100, "answer": "Missile", "is_correct": false}}, {"model": "quiz.quizanswer", "pk": 389, "fields": {"quiz": 16, "question": 101, "answer": "Montreal Canadians", "is_correct": true}}, {"model": "quiz.quizanswer", "pk": 390, "fields": {"quiz": 16, "question": 101, "answer": "Chicago Blackhawks", "is_correct": false}}, {"model": "quiz.quizanswer", "pk": 391, "fields": {"quiz": 16, "question": 101, "answer": "Toronto Maple Leafs", "is_correct": false}}, {"model": "quiz.quizanswer", "pk": 392, "fields": {"quiz": 16, "question": 101, "answer": "Detroit Red Wings", "is_correct": false}}, {"model": "quiz.quizanswer", "pk": 393, "fields": {"quiz": 16, "question": 102, "answer": "Injection ", "is_correct": true}}, {"model": "quiz.quizanswer", "pk": 394, "fields": {"quiz": 16, "question": 102, "answer": "Broken Authentication", "is_correct": false}}, {"model": "quiz.quizanswer", "pk": 395, "fields": {"quiz": 16, "question": 102, "answer": "Cross-Site Scripting", "is_correct": false}}, {"model": "quiz.quizanswer", "pk": 396, "fields": {"quiz": 16, "question": 102, "answer": "Insecure Direct Object References", "is_correct": false}}, {"model": "quiz.quizanswer", "pk": 397, "fields": {"quiz": 16, "question": 103, "answer": "1961", "is_correct": true}}, {"model": "quiz.quizanswer", "pk": 398, "fields": {"quiz": 16, "question": 103, "answer": "1965", "is_correct": false}}, {"model": "quiz.quizanswer", "pk": 399, "fields": {"quiz": 16, "question": 103, "answer": "1959", "is_correct": false}}, {"model": "quiz.quizanswer", "pk": 400, "fields": {"quiz": 16, "question": 103, "answer": "1963", "is_correct": false}}, {"model": "quiz.quizanswer", "pk": 401, "fields": {"quiz": 16, "question": 104, "answer": "Making jams and jellies", "is_correct": true}}, {"model": "quiz.quizanswer", "pk": 402, "fields": {"quiz": 16, "question": 104, "answer": "Teaching parrots to talk", "is_correct": false}}, {"model": "quiz.quizanswer", "pk": 403, "fields": {"quiz": 16, "question": 104, "answer": "Cheating at card games", "is_correct": false}}, {"model": "quiz.quizanswer", "pk": 404, "fields": {"quiz": 16, "question": 104, "answer": "Digging graves", "is_correct": false}}, {"model": "quiz.quizanswer", "pk": 405, "fields": {"quiz": 16, "question": 105, "answer": "Dr. Neo Cortex", "is_correct": true}}, {"model": "quiz.quizanswer", "pk": 406, "fields": {"quiz": 16, "question": 105, "answer": "Dr. Evo-Cortex", "is_correct": false}}, {"model": "quiz.quizanswer", "pk": 407, "fields": {"quiz": 16, "question": 105, "answer": "Dr. Cortox", "is_correct": false}}, {"model": "quiz.quizanswer", "pk": 408, "fields": {"quiz": 16, "question": 105, "answer": "Sir Cartex", "is_correct": false}}, {"model": "quiz.quizanswer", "pk": 409, "fields": {"quiz": 17, "question": 106, "answer": "Hayao Miyazaki", "is_correct": true}}, {"model": "quiz.quizanswer", "pk": 410, "fields": {"quiz": 17, "question": 106, "answer": "Isao Takahata", "is_correct": false}}, {"model": "quiz.quizanswer", "pk": 411, "fields": {"quiz": 17, "question": 106, "answer": "Mamoru Hosoda", "is_correct": false}}, {"model": "quiz.quizanswer", "pk": 412, "fields": {"quiz": 17, "question": 106, "answer": "Hidetaka Miyazaki", "is_correct": false}}, {"model": "quiz.quizanswer", "pk": 413, "fields": {"quiz": 17, "question": 107, "answer": "1000", "is_correct": true}}, {"model": "quiz.quizanswer", "pk": 414, "fields": {"quiz": 17, "question": 107, "answer": "512", "is_correct": false}}, {"model": "quiz.quizanswer", "pk": 415, "fields": {"quiz": 17, "question": 107, "answer": "1024", "is_correct": false}}, {"model": "quiz.quizanswer", "pk": 416, "fields": {"quiz": 17, "question": 107, "answer": "500", "is_correct": false}}, {"model": "quiz.quizanswer", "pk": 417, "fields": {"quiz": 17, "question": 108, "answer": "Santiago", "is_correct": true}}, {"model": "quiz.quizanswer", "pk": 418, "fields": {"quiz": 17, "question": 108, "answer": "Valpara&iacute;so", "is_correct": false}}, {"model": "quiz.quizanswer", "pk": 419, "fields": {"quiz": 17, "question": 108, "answer": "Copiap&oacute;", "is_correct": false}}, {"model": "quiz.quizanswer", "pk": 420, "fields": {"quiz": 17, "question": 108, "answer": "Antofagasta", "is_correct": false}}, {"model": "quiz.quizanswer", "pk": 421, "fields": {"quiz": 17, "question": 109, "answer": "Valkyrie", "is_correct": true}}, {"model": "quiz.quizanswer", "pk": 422, "fields": {"quiz": 17, "question": 109, "answer": "Earthshatter", "is_correct": false}}, {"model": "quiz.quizanswer", "pk": 423, "fields": {"quiz": 17, "question": 109, "answer": "Rocket Barrage", "is_correct": false}}, {"model": "quiz.quizanswer", "pk": 424, "fields": {"quiz": 17, "question": 109, "answer": "Molten Core", "is_correct": false}}, {"model": "quiz.quizanswer", "pk": 425, "fields": {"quiz": 17, "question": 110, "answer": "The Shell", "is_correct": true}}, {"model": "quiz.quizanswer", "pk": 426, "fields": {"quiz": 17, "question": 110, "answer": "The Limit", "is_correct": false}}, {"model": "quiz.quizanswer", "pk": 427, "fields": {"quiz": 17, "question": 110, "answer": "The Kids", "is_correct": false}}, {"model": "quiz.quizanswer", "pk": 428, "fields": {"quiz": 17, "question": 110, "answer": "The Gripes", "is_correct": false}}, {"model": "quiz.quizanswer", "pk": 429, "fields": {"quiz": 17, "question": 111, "answer": "Joseph Clarence", "is_correct": true}}, {"model": "quiz.quizanswer", "pk": 430, "fields": {"quiz": 17, "question": 111, "answer": "The Swing King", "is_correct": false}}, {"model": "quiz.quizanswer", "pk": 431, "fields": {"quiz": 17, "question": 111, "answer": "Maynard John", "is_correct": false}}, {"model": "quiz.quizanswer", "pk": 432, "fields": {"quiz": 17, "question": 111, "answer": "Manuel Delgado", "is_correct": false}}, {"model": "quiz.quizanswer", "pk": 433, "fields": {"quiz": 17, "question": 112, "answer": "Microsoft", "is_correct": true}}, {"model": "quiz.quizanswer", "pk": 434, "fields": {"quiz": 17, "question": 112, "answer": "HTC", "is_correct": false}}, {"model": "quiz.quizanswer", "pk": 435, "fields": {"quiz": 17, "question": 112, "answer": "Oculus", "is_correct": false}}, {"model": "quiz.quizanswer", "pk": 436, "fields": {"quiz": 17, "question": 112, "answer": "Tobii", "is_correct": false}}, {"model": "quiz.quizanswer", "pk": 437, "fields": {"quiz": 17, "question": 113, "answer": "France", "is_correct": true}}, {"model": "quiz.quizanswer", "pk": 438, "fields": {"quiz": 17, "question": 113, "answer": "Spain", "is_correct": false}}, {"model": "quiz.quizanswer", "pk": 439, "fields": {"quiz": 17, "question": 113, "answer": "England", "is_correct": false}}, {"model": "quiz.quizanswer", "pk": 440, "fields": {"quiz": 17, "question": 113, "answer": "Germany", "is_correct": false}}, {"model": "quiz.quizanswer", "pk": 441, "fields": {"quiz": 17, "question": 114, "answer": "Teal", "is_correct": true}}, {"model": "quiz.quizanswer", "pk": 442, "fields": {"quiz": 17, "question": 114, "answer": "Crimson", "is_correct": false}}, {"model": "quiz.quizanswer", "pk": 443, "fields": {"quiz": 17, "question": 114, "answer": "Dark Brown", "is_correct": false}}, {"model": "quiz.quizanswer", "pk": 444, "fields": {"quiz": 17, "question": 114, "answer": "Black", "is_correct": false}}, {"model": "quiz.quizanswer", "pk": 445, "fields": {"quiz": 17, "question": 115, "answer": "Ice Axe", "is_correct": true}}, {"model": "quiz.quizanswer", "pk": 446, "fields": {"quiz": 17, "question": 115, "answer": "Fire Axe", "is_correct": false}}, {"model": "quiz.quizanswer", "pk": 447, "fields": {"quiz": 17, "question": 115, "answer": "Wrench", "is_correct": false}}, {"model": "quiz.quizanswer", "pk": 448, "fields": {"quiz": 17, "question": 115, "answer": "Hunting Knife", "is_correct": false}}, {"model": "quiz.quizanswer", "pk": 449, "fields": {"quiz": 18, "question": 116, "answer": "Tails", "is_correct": true}}, {"model": "quiz.quizanswer", "pk": 450, "fields": {"quiz": 18, "question": 116, "answer": "Shadow", "is_correct": false}}, {"model": "quiz.quizanswer", "pk": 451, "fields": {"quiz": 18, "question": 116, "answer": "Amy", "is_correct": false}}, {"model": "quiz.quizanswer", "pk": 452, "fields": {"quiz": 18, "question": 116, "answer": "Knuckles", "is_correct": false}}, {"model": "quiz.quizanswer", "pk": 453, "fields": {"quiz": 18, "question": 117, "answer": "Leicester City", "is_correct": true}}, {"model": "quiz.quizanswer", "pk": 454, "fields": {"quiz": 18, "question": 117, "answer": "Liverpool", "is_correct": false}}, {"model": "quiz.quizanswer", "pk": 455, "fields": {"quiz": 18, "question": 117, "answer": "Cheslea", "is_correct": false}}, {"model": "quiz.quizanswer", "pk": 456, "fields": {"quiz": 18, "question": 117, "answer": "Manchester United", "is_correct": false}}, {"model": "quiz.quizanswer", "pk": 457, "fields": {"quiz": 18, "question": 118, "answer": "Sandstorm", "is_correct": true}}, {"model": "quiz.quizanswer", "pk": 458, "fields": {"quiz": 18, "question": 118, "answer": "Dust Devil", "is_correct": false}}, {"model": "quiz.quizanswer", "pk": 459, "fields": {"quiz": 18, "question": 118, "answer": "Sirocco", "is_correct": false}}, {"model": "quiz.quizanswer", "pk": 460, "fields": {"quiz": 18, "question": 118, "answer": "Khamsin", "is_correct": false}}, {"model": "quiz.quizanswer", "pk": 461, "fields": {"quiz": 18, "question": 119, "answer": "&quot;You done?&quot;", "is_correct": true}}, {"model": "quiz.quizanswer", "pk": 462, "fields": {"quiz": 18, "question": 119, "answer": "&quot;Whoa there.&quot;", "is_correct": false}}, {"model": "quiz.quizanswer", "pk": 463, "fields": {"quiz": 18, "question": 119, "answer": "&quot;Hold up now.&quot;", "is_correct": false}}, {"model": "quiz.quizanswer", "pk": 464, "fields": {"quiz": 18, "question": 119, "answer": "&quot;Don&#039;t move.&quot;", "is_correct": false}}, {"model": "quiz.quizanswer", "pk": 465, "fields": {"quiz": 18, "question": 120, "answer": "Equatorial Guinea", "is_correct": true}}, {"model": "quiz.quizanswer", "pk": 466, "fields": {"quiz": 18, "question": 120, "answer": "Guinea", "is_correct": false}}, {"model": "quiz.quizanswer", "pk": 467, "fields": {"quiz": 18, "question": 120, "answer": "Cameroon", "is_correct": false}}, {"model": "quiz.quizanswer", "pk": 468, "fields": {"quiz": 18, "question": 120, "answer": "Angola", "is_correct": false}}, {"model": "quiz.quizanswer", "pk": 469, "fields": {"quiz": 18, "question": 121, "answer": "Polska", "is_correct": true}}, {"model": "quiz.quizanswer", "pk": 470, "fields": {"quiz": 18, "question": 121, "answer": "Pupcia", "is_correct": false}}, {"model": "quiz.quizanswer", "pk": 471, "fields": {"quiz": 18, "question": 121, "answer": "Polszka", "is_correct": false}}, {"model": "quiz.quizanswer", "pk": 472, "fields": {"quiz": 18, "question": 121, "answer": "P&oacute;land", "is_correct": false}}, {"model": "quiz.quizanswer", "pk": 473, "fields": {"quiz": 18, "question": 122, "answer": "Kentucky Fried Chicken", "is_correct": true}}, {"model": "quiz.quizanswer", "pk": 474, "fields": {"quiz": 18, "question": 122, "answer": "Kentucky Fresh Cheese", "is_correct": false}}, {"model": "quiz.quizanswer", "pk": 475, "fields": {"quiz": 18, "question": 122, "answer": "Kibbled Freaky Cow", "is_correct": false}}, {"model": "quiz.quizanswer", "pk": 476, "fields": {"quiz": 18, "question": 122, "answer": "Kiwi Food Cut", "is_correct": false}}, {"model": "quiz.quizanswer", "pk": 477, "fields": {"quiz": 18, "question": 123, "answer": "Stab him", "is_correct": true}}, {"model": "quiz.quizanswer", "pk": 478, "fields": {"quiz": 18, "question": 123, "answer": "Nab him", "is_correct": false}}, {"model": "quiz.quizanswer", "pk": 479, "fields": {"quiz": 18, "question": 123, "answer": "Jab him", "is_correct": false}}, {"model": "quiz.quizanswer", "pk": 480, "fields": {"quiz": 18, "question": 123, "answer": "Tab him", "is_correct": false}}, {"model": "quiz.quizanswer", "pk": 481, "fields": {"quiz": 18, "question": 124, "answer": "Damon Gant", "is_correct": true}}, {"model": "quiz.quizanswer", "pk": 482, "fields": {"quiz": 18, "question": 124, "answer": "Miles Edgeworth", "is_correct": false}}, {"model": "quiz.quizanswer", "pk": 483, "fields": {"quiz": 18, "question": 124, "answer": "Lana Skye", "is_correct": false}}, {"model": "quiz.quizanswer", "pk": 484, "fields": {"quiz": 18, "question": 124, "answer": "Mike Meekins", "is_correct": false}}, {"model": "quiz.quizanswer", "pk": 485, "fields": {"quiz": 18, "question": 125, "answer": "Cristiano Ronaldo", "is_correct": true}}, {"model": "quiz.quizanswer", "pk": 486, "fields": {"quiz": 18, "question": 125, "answer": "Lionel Messi", "is_correct": false}}, {"model": "quiz.quizanswer", "pk": 487, "fields": {"quiz": 18, "question": 125, "answer": "Neymar", "is_correct": false}}, {"model": "quiz.quizanswer", "pk": 488, "fields": {"quiz": 18, "question": 125, "answer": "Harry Kane", "is_correct": false}}, {"model": "quiz.quizattemptstatus", "pk": 12, "fields": {"user": 6, "quiz": 16, "status": "I", "current_index": 10, "time_taken": 89}}, {"model": "quiz.quizattemptstatus", "pk": 13, "fields": {"user": 6, "quiz": 17, "status": "I", "current_index": 10, "time_taken": 99}}, {"model": "quiz.quizattemptstatus", "pk": 14, "fields": {"user": 6, "quiz": 18, "status": "C", "current_index": 10, "time_taken": 101}}]